"slidemap";"matrix";"x";"y";"positive_tumor_cells";"staining_intensity";"spot_quality";"sample_predect";"abcode";"pic"
"pko.hbn.1a.40";"36";"1";"1";"16-30%";"Moderate (++)";"null";"WP1_1.TPKo";40;"75_36_1_1_3630.jpg"
"pko.hbn.1a.40";"36";"1";"10";"null";"null";"Not representative";"WP1_78.TPKo";40;"75_36_1_10_3495.jpg"
"pko.hbn.1a.40";"36";"1";"11";">30%";"Moderate (++)";"null";"WP1_87.TPKo";40;"75_36_1_11_3482.jpg"
"pko.hbn.1a.40";"36";"1";"12";"16-30%";"Moderate (++)";"null";"WP1_97.TPKo";40;"75_36_1_12_3466.jpg"
"pko.hbn.1a.40";"36";"1";"13";">30%";"Moderate (++)";"null";"WP1_106.TPKo";40;"75_36_1_13_3449.jpg"
"pko.hbn.1a.40";"36";"1";"2";">30%";"Moderate (++)";"null";"WP1_11.TPKo";40;"75_36_1_2_3612.jpg"
"pko.hbn.1a.40";"36";"1";"3";"null";"null";"Not representative";"WP1_21.TPKo";40;"75_36_1_3_3593.jpg"
"pko.hbn.1a.40";"36";"1";"4";"null";"null";"Deatched";"WP1_30.TPKo";40;"75_36_1_4_3665.jpg"
"pko.hbn.1a.40";"36";"1";"5";"0%";"Neg (-)";"null";"WP1_40.TPKo";40;"75_36_1_5_3557.jpg"
"pko.hbn.1a.40";"36";"1";"6";">0% and <5%";"Strong (+++)";"null";"WP1_49.TPKo";40;"75_36_1_6_3541.jpg"
"pko.hbn.1a.40";"36";"1";"8";"5-15%";"Strong (+++)";"null";"WP1_59.TPKo";40;"75_36_1_8_3526.jpg"
"pko.hbn.1a.40";"36";"1";"9";"0%";"Neg (-)";"null";"WP1_68.TPKo";40;"75_36_1_9_3512.jpg"
"pko.hbn.1a.40";"36";"10";"1";">30%";"Strong (+++)";"null";"WP1_5.TPKo";40;"75_36_10_1_3637.jpg"
"pko.hbn.1a.40";"36";"10";"10";"null";"null";"Not representative";"WP1_82.TPKo";40;"75_36_10_10_3504.jpg"
"pko.hbn.1a.40";"36";"10";"11";"null";"null";"Not representative";"WP1_92.TPKo";40;"75_36_10_11_3484.jpg"
"pko.hbn.1a.40";"36";"10";"12";"5-15%";"Strong (+++)";"null";"WP1_101.TPKo";40;"75_36_10_12_3468.jpg"
"pko.hbn.1a.40";"36";"10";"13";">0% and <5%";"Strong (+++)";"null";"WP1_111.TPKo";40;"75_36_10_13_3440.jpg"
"pko.hbn.1a.40";"36";"10";"2";">30%";"Moderate (++)";"null";"WP1_15.TPKo";40;"75_36_10_2_3620.jpg"
"pko.hbn.1a.40";"36";"10";"3";"16-30%";"Strong (+++)";"null";"WP1_25.TPKo";40;"75_36_10_3_3601.jpg"
"pko.hbn.1a.40";"36";"10";"4";">0% and <5%";"Strong (+++)";"null";"WP1_35.TPKo";40;"75_36_10_4_3583.jpg"
"pko.hbn.1a.40";"36";"10";"5";"5-15%";"Moderate (++)";"null";"WP1_44.TPKo";40;"75_36_10_5_3570.jpg"
"pko.hbn.1a.40";"36";"10";"6";"5-15%";"Strong (+++)";"null";"WP1_54.TPKo";40;"75_36_10_6_3667.jpg"
"pko.hbn.1a.40";"36";"10";"8";"16-30%";"Strong (+++)";"null";"WP1_63.TPKo";40;"75_36_10_8_3534.jpg"
"pko.hbn.1a.40";"36";"10";"9";">0% and <5%";"Strong (+++)";"null";"WP1_73.TPKo";40;"75_36_10_9_3521.jpg"
"pko.hbn.1a.40";"36";"11";"1";"null";"null";"Not representative";"WP1_6.TPKo";40;"75_36_11_1_3635.jpg"
"pko.hbn.1a.40";"36";"11";"10";">30%";"Moderate (++)";"null";"WP1_83.TPKo";40;"75_36_11_10_3505.jpg"
"pko.hbn.1a.40";"36";"11";"11";"null";"null";"Not representative";"WP1_92.TPKo";40;"75_36_11_11_3488.jpg"
"pko.hbn.1a.40";"36";"11";"12";"16-30%";"Moderate (++)";"null";"WP1_102.TPKo";40;"75_36_11_12_3470.jpg"
"pko.hbn.1a.40";"36";"11";"13";">0% and <5%";"Strong (+++)";"null";"WP1_111.TPKo";40;"75_36_11_13_3446.jpg"
"pko.hbn.1a.40";"36";"11";"2";"null";"null";"Deatched";"WP1_16.TPKo";40;"75_36_11_2_3670.jpg"
"pko.hbn.1a.40";"36";"11";"3";"null";"null";"Not representative";"WP1_26.TPKo";40;"75_36_11_3_3605.jpg"
"pko.hbn.1a.40";"36";"11";"4";"null";"null";"Not representative";"WP1_35.TPKo";40;"75_36_11_4_3584.jpg"
"pko.hbn.1a.40";"36";"11";"5";">0% and <5%";"Strong (+++)";"null";"WP1_45.TPKo";40;"75_36_11_5_3565.jpg"
"pko.hbn.1a.40";"36";"11";"6";"5-15%";"Strong (+++)";"null";"WP1_54.TPKo";40;"75_36_11_6_3669.jpg"
"pko.hbn.1a.40";"36";"11";"8";"5-15%";"Moderate (++)";"null";"WP1_64.TPKo";40;"75_36_11_8_3532.jpg"
"pko.hbn.1a.40";"36";"11";"9";"null";"null";"Deatched";"WP1_73.TPKo";40;"75_36_11_9_3654.jpg"
"pko.hbn.1a.40";"36";"12";"1";"5-15%";"Moderate (++)";"null";"WP1_6.TPKo";40;"75_36_12_1_3638.jpg"
"pko.hbn.1a.40";"36";"12";"10";"16-30%";"Moderate (++)";"null";"WP1_83.TPKo";40;"75_36_12_10_3506.jpg"
"pko.hbn.1a.40";"36";"12";"11";"null";"null";"Deatched";"WP1_93.TPKo";40;"75_36_12_11_3653.jpg"
"pko.hbn.1a.40";"36";"12";"12";"16-30%";"Moderate (++)";"null";"WP1_102.TPKo";40;"75_36_12_12_3471.jpg"
"pko.hbn.1a.40";"36";"12";"13";"16-30%";"Moderate (++)";"null";"WP1_112.TPKo";40;"75_36_12_13_3450.jpg"
"pko.hbn.1a.40";"36";"12";"2";"null";"null";"Not representative";"WP1_16.TPKo";40;"75_36_12_2_3624.jpg"
"pko.hbn.1a.40";"36";"12";"3";"16-30%";"Moderate (++)";"null";"WP1_26.TPKo";40;"75_36_12_3_3606.jpg"
"pko.hbn.1a.40";"36";"12";"4";">0% and <5%";"Moderate (++)";"null";"WP1_36.TPKo";40;"75_36_12_4_3585.jpg"
"pko.hbn.1a.40";"36";"12";"5";"16-30%";"Moderate (++)";"null";"WP1_45.TPKo";40;"75_36_12_5_3566.jpg"
"pko.hbn.1a.40";"36";"12";"6";"null";"null";"Not representative";"WP1_55.TPKo";40;"75_36_12_6_3553.jpg"
"pko.hbn.1a.40";"36";"12";"8";"5-15%";"Strong (+++)";"null";"WP1_64.TPKo";40;"75_36_12_8_3652.jpg"
"pko.hbn.1a.40";"36";"12";"9";"null";"null";"Not representative";"WP1_74.TPKo";40;"75_36_12_9_3518.jpg"
"pko.hbn.1a.40";"36";"14";"1";">0% and <5%";"Moderate (++)";"null";"WP1_7.TPKo";40;"75_36_14_1_3641.jpg"
"pko.hbn.1a.40";"36";"14";"10";"0%";"Neg (-)";"null";"WP1_84.TPKo";40;"75_36_14_10_3498.jpg"
"pko.hbn.1a.40";"36";"14";"11";"null";"null";"Not representative";"WP1_93.TPKo";40;"75_36_14_11_3489.jpg"
"pko.hbn.1a.40";"36";"14";"12";">0% and <5%";"Strong (+++)";"null";"WP1_103.TPKo";40;"75_36_14_12_3469.jpg"
"pko.hbn.1a.40";"36";"14";"13";">30%";"Moderate (++)";"null";"WP1_112.TPKo";40;"75_36_14_13_3447.jpg"
"pko.hbn.1a.40";"36";"14";"2";"5-15%";"Strong (+++)";"null";"WP1_17.TPKo";40;"75_36_14_2_3622.jpg"
"pko.hbn.1a.40";"36";"14";"3";">0% and <5%";"Strong (+++)";"null";"WP1_27.TPKo";40;"75_36_14_3_3603.jpg"
"pko.hbn.1a.40";"36";"14";"4";">0% and <5%";"Strong (+++)";"null";"WP1_36.TPKo";40;"75_36_14_4_3586.jpg"
"pko.hbn.1a.40";"36";"14";"5";">30%";"Strong (+++)";"null";"WP1_46.TPKo";40;"75_36_14_5_3567.jpg"
"pko.hbn.1a.40";"36";"14";"6";"null";"null";"Not representative";"WP1_55.TPKo";40;"75_36_14_6_3549.jpg"
"pko.hbn.1a.40";"36";"14";"8";"5-15%";"Moderate (++)";"null";"WP1_65.TPKo";40;"75_36_14_8_3535.jpg"
"pko.hbn.1a.40";"36";"14";"9";"null";"null";"Deatched";"WP1_74.TPKo";40;"75_36_14_9_3651.jpg"
"pko.hbn.1a.40";"36";"15";"1";">0% and <5%";"Strong (+++)";"null";"WP1_7.TPKo";40;"75_36_15_1_3643.jpg"
"pko.hbn.1a.40";"36";"15";"10";"null";"null";"Deatched";"WP1_84.TPKo";40;"75_36_15_10_3649.jpg"
"pko.hbn.1a.40";"36";"15";"11";"16-30%";"Strong (+++)";"null";"WP1_94.TPKo";40;"75_36_15_11_3485.jpg"
"pko.hbn.1a.40";"36";"15";"12";">0% and <5%";"Strong (+++)";"null";"WP1_103.TPKo";40;"75_36_15_12_3465.jpg"
"pko.hbn.1a.40";"36";"15";"13";">0% and <5%";"Strong (+++)";"null";"WP1_113.TPKo";40;"75_36_15_13_3445.jpg"
"pko.hbn.1a.40";"36";"15";"2";"5-15%";"Strong (+++)";"null";"WP1_17.TPKo";40;"75_36_15_2_3625.jpg"
"pko.hbn.1a.40";"36";"15";"3";">0% and <5%";"Strong (+++)";"null";"WP1_27.TPKo";40;"75_36_15_3_3607.jpg"
"pko.hbn.1a.40";"36";"15";"4";">30%";"Strong (+++)";"null";"WP1_37.TPKo";40;"75_36_15_4_3587.jpg"
"pko.hbn.1a.40";"36";"15";"5";"null";"null";"Not representative";"WP1_46.TPKo";40;"75_36_15_5_3568.jpg"
"pko.hbn.1a.40";"36";"15";"6";"null";"null";"Not representative";"WP1_56.TPKo";40;"75_36_15_6_3550.jpg"
"pko.hbn.1a.40";"36";"15";"8";">0% and <5%";"null";"null";"WP1_65.TPKo";40;"75_36_15_8_3536.jpg"
"pko.hbn.1a.40";"36";"15";"9";">30%";"Strong (+++)";"null";"WP1_75.TPKo";40;"75_36_15_9_3519.jpg"
"pko.hbn.1a.40";"36";"16";"1";">0% and <5%";"Moderate (++)";"null";"WP1_8.TPKo";40;"75_36_16_1_3644.jpg"
"pko.hbn.1a.40";"36";"16";"10";">30%";"Strong (+++)";"null";"WP1_85.TPKo";40;"75_36_16_10_3507.jpg"
"pko.hbn.1a.40";"36";"16";"11";"5-15%";"Strong (+++)";"null";"WP1_94.TPKo";40;"75_36_16_11_3490.jpg"
"pko.hbn.1a.40";"36";"16";"12";"5-15%";"Strong (+++)";"null";"WP1_104.TPKo";40;"75_36_16_12_3472.jpg"
"pko.hbn.1a.40";"36";"16";"13";"16-30%";"Moderate (++)";"null";"WP1_113.TPKo";40;"75_36_16_13_3448.jpg"
"pko.hbn.1a.40";"36";"16";"2";">30%";"Moderate (++)";"null";"WP1_18.TPKo";40;"75_36_16_2_3627.jpg"
"pko.hbn.1a.40";"36";"16";"3";"5-15%";"Moderate (++)";"null";"WP1_28.TPKo";40;"75_36_16_3_3610.jpg"
"pko.hbn.1a.40";"36";"16";"4";"16-30%";"Strong (+++)";"null";"WP1_37.TPKo";40;"75_36_16_4_3591.jpg"
"pko.hbn.1a.40";"36";"16";"5";"null";"null";"Not representative";"WP1_47.TPKo";40;"75_36_16_5_3571.jpg"
"pko.hbn.1a.40";"36";"16";"6";"null";"null";"Not representative";"WP1_56.TPKo";40;"75_36_16_6_3551.jpg"
"pko.hbn.1a.40";"36";"16";"8";">0% and <5%";"Strong (+++)";"null";"WP1_66.TPKo";40;"75_36_16_8_3537.jpg"
"pko.hbn.1a.40";"36";"16";"9";">30%";"Strong (+++)";"null";"WP1_75.TPKo";40;"75_36_16_9_3520.jpg"
"pko.hbn.1a.40";"36";"17";"1";"16-30%";"Moderate (++)";"null";"WP1_8.TPKo";40;"75_36_17_1_3642.jpg"
"pko.hbn.1a.40";"36";"17";"10";">30%";"Strong (+++)";"null";"WP1_85.TPKo";40;"75_36_17_10_3508.jpg"
"pko.hbn.1a.40";"36";"17";"11";">30%";"Moderate (++)";"null";"WP1_95.TPKo";40;"75_36_17_11_3491.jpg"
"pko.hbn.1a.40";"36";"17";"12";"16-30%";"Strong (+++)";"null";"WP1_104.TPKo";40;"75_36_17_12_3473.jpg"
"pko.hbn.1a.40";"36";"17";"13";"0%";"Neg (-)";"Not representative";"WP1_114.TPKo";40;"75_36_17_13_3451.jpg"
"pko.hbn.1a.40";"36";"17";"2";"null";"null";"Not representative";"WP1_18.TPKo";40;"75_36_17_2_3628.jpg"
"pko.hbn.1a.40";"36";"17";"3";"null";"null";"Not representative";"WP1_28.TPKo";40;"75_36_17_3_3608.jpg"
"pko.hbn.1a.40";"36";"17";"4";"16-30%";"Strong (+++)";"null";"WP1_38.TPKo";40;"75_36_17_4_3588.jpg"
"pko.hbn.1a.40";"36";"17";"5";"5-15%";"Moderate (++)";"null";"WP1_47.TPKo";40;"75_36_17_5_3573.jpg"
"pko.hbn.1a.40";"36";"17";"6";"5-15%";"Strong (+++)";"null";"WP1_57.TPKo";40;"75_36_17_6_3556.jpg"
"pko.hbn.1a.40";"36";"17";"8";"null";"null";"Not representative";"WP1_66.TPKo";40;"75_36_17_8_3538.jpg"
"pko.hbn.1a.40";"36";"17";"9";"null";"null";"Deatched";"WP1_76.TPKo";40;"75_36_17_9_3650.jpg"
"pko.hbn.1a.40";"36";"18";"1";">0% and <5%";"Strong (+++)";"null";"WP1_9.TPKo";40;"75_36_18_1_3645.jpg"
"pko.hbn.1a.40";"36";"18";"10";">0% and <5%";"Strong (+++)";"null";"WP1_86.TPKo";40;"75_36_18_10_3501.jpg"
"pko.hbn.1a.40";"36";"18";"11";">30%";"Strong (+++)";"null";"WP1_95.TPKo";40;"75_36_18_11_3492.jpg"
"pko.hbn.1a.40";"36";"18";"12";">30%";"Strong (+++)";"null";"WP1_105.TPKo";40;"75_36_18_12_3474.jpg"
"pko.hbn.1a.40";"36";"18";"13";"0%";"Neg (-)";"null";"WP1_114.TPKo";40;"75_36_18_13_3452.jpg"
"pko.hbn.1a.40";"36";"18";"2";">0% and <5%";"Moderate (++)";"null";"WP1_19.TPKo";40;"75_36_18_2_3629.jpg"
"pko.hbn.1a.40";"36";"18";"3";"16-30%";"Strong (+++)";"null";"WP1_29.TPKo";40;"75_36_18_3_3611.jpg"
"pko.hbn.1a.40";"36";"18";"4";"16-30%";"Strong (+++)";"null";"WP1_38.TPKo";40;"75_36_18_4_3589.jpg"
"pko.hbn.1a.40";"36";"18";"5";"null";"null";"Not representative";"WP1_48.TPKo";40;"75_36_18_5_3572.jpg"
"pko.hbn.1a.40";"36";"18";"6";"0%";"Neg (-)";"null";"WP1_57.TPKo";40;"75_36_18_6_3554.jpg"
"pko.hbn.1a.40";"36";"18";"8";"null";"null";"Not representative";"WP1_67.TPKo";40;"75_36_18_8_3673.jpg"
"pko.hbn.1a.40";"36";"18";"9";"5-15%";"Strong (+++)";"null";"WP1_76.TPKo";40;"75_36_18_9_3522.jpg"
"pko.hbn.1a.40";"36";"19";"1";"0%";"Neg (-)";"null";"WP1_9.TPKo";40;"75_36_19_1_3646.jpg"
"pko.hbn.1a.40";"36";"19";"10";">0% and <5%";"Strong (+++)";"null";"WP1_86.TPKo";40;"75_36_19_10_3509.jpg"
"pko.hbn.1a.40";"36";"19";"11";"null";"null";"Deatched";"WP1_96.TPKo";40;"75_36_19_11_3675.jpg"
"pko.hbn.1a.40";"36";"19";"12";"null";"null";"Deatched";"WP1_105.TPKo";40;"75_36_19_12_3676.jpg"
"pko.hbn.1a.40";"36";"19";"13";"null";"null";"Not representative";"WP1_115.TPKo";40;"75_36_19_13_3454.jpg"
"pko.hbn.1a.40";"36";"19";"2";"null";"null";"Not representative";"WP1_19.TPKo";40;"75_36_19_2_3626.jpg"
"pko.hbn.1a.40";"36";"19";"3";">30%";"null";"null";"WP1_29.TPKo";40;"75_36_19_3_3609.jpg"
"pko.hbn.1a.40";"36";"19";"4";">30%";"Strong (+++)";"null";"WP1_39.TPKo";40;"75_36_19_4_3682.jpg"
"pko.hbn.1a.40";"36";"19";"5";"null";"null";"Deatched";"WP1_48.TPKo";40;"75_36_19_5_3683.jpg"
"pko.hbn.1a.40";"36";"19";"6";">0% and <5%";"Weak (+)";"null";"WP1_58.TPKo";40;"75_36_19_6_3555.jpg"
"pko.hbn.1a.40";"36";"19";"8";"null";"null";"Deatched";"WP1_67.TPKo";40;"75_36_19_8_3674.jpg"
"pko.hbn.1a.40";"36";"19";"9";"16-30%";"Moderate (++)";"null";"WP1_77.TPKo";40;"75_36_19_9_3523.jpg"
"pko.hbn.1a.40";"36";"2";"1";"16-30%";"Moderate (++)";"null";"WP1_1.TPKo";40;"75_36_2_1_3631.jpg"
"pko.hbn.1a.40";"36";"2";"10";"null";"null";"Not representative";"WP1_78.TPKo";40;"75_36_2_10_3499.jpg"
"pko.hbn.1a.40";"36";"2";"11";">0% and <5%";"Strong (+++)";"null";"WP1_88.TPKo";40;"75_36_2_11_3477.jpg"
"pko.hbn.1a.40";"36";"2";"12";"5-15%";"Moderate (++)";"null";"WP1_97.TPKo";40;"75_36_2_12_3459.jpg"
"pko.hbn.1a.40";"36";"2";"13";"0%";"Neg (-)";"null";"WP1_107.TPKo";40;"75_36_2_13_3441.jpg"
"pko.hbn.1a.40";"36";"2";"2";"5-15%";"Moderate (++)";"null";"WP1_11.TPKo";40;"75_36_2_2_3613.jpg"
"pko.hbn.1a.40";"36";"2";"3";"null";"null";"Not representative";"WP1_21.TPKo";40;"75_36_2_3_3594.jpg"
"pko.hbn.1a.40";"36";"2";"4";"5-15%";"Moderate (++)";"null";"WP1_31.TPKo";40;"75_36_2_4_3664.jpg"
"pko.hbn.1a.40";"36";"2";"5";">0% and <5%";"Strong (+++)";"null";"WP1_40.TPKo";40;"75_36_2_5_3559.jpg"
"pko.hbn.1a.40";"36";"2";"6";"16-30%";"Strong (+++)";"null";"WP1_50.TPKo";40;"75_36_2_6_3542.jpg"
"pko.hbn.1a.40";"36";"2";"8";"5-15%";"Strong (+++)";"null";"WP1_59.TPKo";40;"75_36_2_8_3525.jpg"
"pko.hbn.1a.40";"36";"2";"9";"null";"null";"Deatched";"WP1_69.TPKo";40;"75_36_2_9_3663.jpg"
"pko.hbn.1a.40";"36";"20";"1";"16-30%";"Strong (+++)";"null";"WP1_10.TPKo";40;"75_36_20_1_3681.jpg"
"pko.hbn.1a.40";"36";"20";"10";"16-30%";"Strong (+++)";"null";"WP1_87.TPKo";40;"75_36_20_10_3510.jpg"
"pko.hbn.1a.40";"36";"20";"11";"null";"null";"Deatched";"WP1_96.TPKo";40;"75_36_20_11_3677.jpg"
"pko.hbn.1a.40";"36";"20";"12";"16-30%";"Strong (+++)";"null";"WP1_106.TPKo";40;"75_36_20_12_3475.jpg"
"pko.hbn.1a.40";"36";"20";"13";"null";"null";"Not representative";"WP1_115.TPKo";40;"75_36_20_13_3455.jpg"
"pko.hbn.1a.40";"36";"20";"2";"0%";"Neg (-)";"null";"WP1_20.TPKo";40;"75_36_20_2_3680.jpg"
"pko.hbn.1a.40";"36";"20";"3";"null";"null";"Not representative";"WP1_30.TPKo";40;"75_36_20_3_3604.jpg"
"pko.hbn.1a.40";"36";"20";"4";">30%";"Moderate (++)";"null";"WP1_39.TPKo";40;"75_36_20_4_3592.jpg"
"pko.hbn.1a.40";"36";"20";"5";">0% and <5%";"Strong (+++)";"null";"WP1_49.TPKo";40;"75_36_20_5_3574.jpg"
"pko.hbn.1a.40";"36";"20";"6";"null";"null";"Not representative";"WP1_58.TPKo";40;"75_36_20_6_3552.jpg"
"pko.hbn.1a.40";"36";"20";"8";"0%";"Neg (-)";"Not representative";"WP1_68.TPKo";40;"75_36_20_8_3539.jpg"
"pko.hbn.1a.40";"36";"20";"9";"null";"null";"Not representative";"WP1_77.TPKo";40;"75_36_20_9_3678.jpg"
"pko.hbn.1a.40";"36";"21";"1";"5-15%";"Moderate (++)";"null";"WP1_10.TPKo";40;"75_36_21_1_3640.jpg"
"pko.hbn.1a.40";"36";"21";"2";">0% and <5%";"Strong (+++)";"null";"WP1_20.TPKo";40;"75_36_21_2_3623.jpg"
"pko.hbn.1a.40";"36";"22";"10";">0% and <5%";"Moderate (++)";"null";"WP1_119.TPKo";40;"75_36_22_10_3511.jpg"
"pko.hbn.1a.40";"36";"22";"11";">0% and <5%";"Moderate (++)";"null";"WP1_120.TPKo";40;"75_36_22_11_3493.jpg"
"pko.hbn.1a.40";"36";"22";"12";"null";"null";"Not representative";"WP1_121.TPKo";40;"75_36_22_12_3476.jpg"
"pko.hbn.1a.40";"36";"22";"13";"null";"null";"Not representative";"WP1_123.TPKo";40;"75_36_22_13_3457.jpg"
"pko.hbn.1a.40";"36";"22";"8";"5-15%";"Strong (+++)";"null";"WP1_116.TPKo";40;"75_36_22_8_3540.jpg"
"pko.hbn.1a.40";"36";"22";"9";"null";"null";"Not representative";"WP1_118.TPKo";40;"75_36_22_9_3679.jpg"
"pko.hbn.1a.40";"36";"3";"1";"null";"null";"Not representative";"WP1_2.TPKo";40;"75_36_3_1_3632.jpg"
"pko.hbn.1a.40";"36";"3";"10";"5-15%";"Strong (+++)";"null";"WP1_79.TPKo";40;"75_36_3_10_3494.jpg"
"pko.hbn.1a.40";"36";"3";"11";"5-15%";"Strong (+++)";"null";"WP1_88.TPKo";40;"75_36_3_11_3478.jpg"
"pko.hbn.1a.40";"36";"3";"12";"null";"null";"Not representative";"WP1_98.TPKo";40;"75_36_3_12_3460.jpg"
"pko.hbn.1a.40";"36";"3";"13";">0% and <5%";"Strong (+++)";"null";"WP1_107.TPKo";40;"75_36_3_13_3436.jpg"
"pko.hbn.1a.40";"36";"3";"2";"null";"null";"Not representative";"WP1_12.TPKo";40;"75_36_3_2_3614.jpg"
"pko.hbn.1a.40";"36";"3";"3";"16-30%";"Strong (+++)";"null";"WP1_22.TPKo";40;"75_36_3_3_3595.jpg"
"pko.hbn.1a.40";"36";"3";"4";"5-15%";"Moderate (++)";"null";"WP1_31.TPKo";40;"75_36_3_4_3576.jpg"
"pko.hbn.1a.40";"36";"3";"5";"5-15%";"Strong (+++)";"null";"WP1_41.TPKo";40;"75_36_3_5_3558.jpg"
"pko.hbn.1a.40";"36";"3";"6";"null";"null";"Not representative";"WP1_50.TPKo";40;"75_36_3_6_3543.jpg"
"pko.hbn.1a.40";"36";"3";"8";"5-15%";"Strong (+++)";"null";"WP1_60.TPKo";40;"75_36_3_8_3527.jpg"
"pko.hbn.1a.40";"36";"3";"9";"0%";"Neg (-)";"null";"WP1_69.TPKo";40;"75_36_3_9_3513.jpg"
"pko.hbn.1a.40";"36";"4";"1";">30%";"Moderate (++)";"null";"WP1_2.TPKo";40;"75_36_4_1_3633.jpg"
"pko.hbn.1a.40";"36";"4";"10";"null";"null";"Not representative";"WP1_79.TPKo";40;"75_36_4_10_3496.jpg"
"pko.hbn.1a.40";"36";"4";"11";">0% and <5%";"Moderate (++)";"null";"WP1_89.TPKo";40;"75_36_4_11_3479.jpg"
"pko.hbn.1a.40";"36";"4";"12";"5-15%";"Strong (+++)";"null";"WP1_98.TPKo";40;"75_36_4_12_3458.jpg"
"pko.hbn.1a.40";"36";"4";"13";">30%";"Moderate (++)";"null";"WP1_108.TPKo";40;"75_36_4_13_3437.jpg"
"pko.hbn.1a.40";"36";"4";"2";"null";"null";"Not representative";"WP1_12.TPKo";40;"75_36_4_2_3615.jpg"
"pko.hbn.1a.40";"36";"4";"3";">30%";"Moderate (++)";"null";"WP1_22.TPKo";40;"75_36_4_3_3596.jpg"
"pko.hbn.1a.40";"36";"4";"4";"5-15%";"Strong (+++)";"null";"WP1_32.TPKo";40;"75_36_4_4_3577.jpg"
"pko.hbn.1a.40";"36";"4";"5";"null";"null";"Not representative";"WP1_41.TPKo";40;"75_36_4_5_3560.jpg"
"pko.hbn.1a.40";"36";"4";"6";"16-30%";"Strong (+++)";"null";"WP1_51.TPKo";40;"75_36_4_6_3544.jpg"
"pko.hbn.1a.40";"36";"4";"8";"5-15%";"Strong (+++)";"null";"WP1_60.TPKo";40;"75_36_4_8_3528.jpg"
"pko.hbn.1a.40";"36";"4";"9";"null";"null";"Not representative";"WP1_70.TPKo";40;"75_36_4_9_3662.jpg"
"pko.hbn.1a.40";"36";"5";"1";"5-15%";"Moderate (++)";"null";"WP1_3.TPKo";40;"75_36_5_1_3634.jpg"
"pko.hbn.1a.40";"36";"5";"10";"16-30%";"Strong (+++)";"null";"WP1_80.TPKo";40;"75_36_5_10_3500.jpg"
"pko.hbn.1a.40";"36";"5";"11";">0% and <5%";"Strong (+++)";"null";"WP1_89.TPKo";40;"75_36_5_11_3480.jpg"
"pko.hbn.1a.40";"36";"5";"12";"null";"null";"Not representative";"WP1_99.TPKo";40;"75_36_5_12_3655.jpg"
"pko.hbn.1a.40";"36";"5";"13";"null";"null";"Not representative";"WP1_108.TPKo";40;"75_36_5_13_3438.jpg"
"pko.hbn.1a.40";"36";"5";"2";"5-15%";"Strong (+++)";"null";"WP1_13.TPKo";40;"75_36_5_2_3616.jpg"
"pko.hbn.1a.40";"36";"5";"3";">30%";"Moderate (++)";"null";"WP1_23.TPKo";40;"75_36_5_3_3597.jpg"
"pko.hbn.1a.40";"36";"5";"4";"16-30%";"Moderate (++)";"null";"WP1_32.TPKo";40;"75_36_5_4_3578.jpg"
"pko.hbn.1a.40";"36";"5";"5";"16-30%";"Strong (+++)";"null";"WP1_42.TPKo";40;"75_36_5_5_3561.jpg"
"pko.hbn.1a.40";"36";"5";"6";"16-30%";"Moderate (++)";"null";"WP1_51.TPKo";40;"75_36_5_6_3545.jpg"
"pko.hbn.1a.40";"36";"5";"8";"null";"null";"Deatched";"WP1_61.TPKo";40;"75_36_5_8_3660.jpg"
"pko.hbn.1a.40";"36";"5";"9";"null";"null";"Deatched";"WP1_70.TPKo";40;"75_36_5_9_3659.jpg"
"pko.hbn.1a.40";"36";"6";"1";"null";"null";"Deatched";"WP1_3.TPKo";40;"75_36_6_1_3671.jpg"
"pko.hbn.1a.40";"36";"6";"10";"16-30%";"Strong (+++)";"null";"WP1_80.TPKo";40;"75_36_6_10_3657.jpg"
"pko.hbn.1a.40";"36";"6";"11";">0% and <5%";"Moderate (++)";"null";"WP1_90.TPKo";40;"75_36_6_11_3481.jpg"
"pko.hbn.1a.40";"36";"6";"12";"null";"null";"Not representative";"WP1_99.TPKo";40;"75_36_6_12_3656.jpg"
"pko.hbn.1a.40";"36";"6";"13";"0%";"Neg (-)";"null";"WP1_109.TPKo";40;"75_36_6_13_3442.jpg"
"pko.hbn.1a.40";"36";"6";"2";"5-15%";"Moderate (++)";"null";"WP1_13.TPKo";40;"75_36_6_2_3617.jpg"
"pko.hbn.1a.40";"36";"6";"3";">30%";"Strong (+++)";"null";"WP1_23.TPKo";40;"75_36_6_3_3598.jpg"
"pko.hbn.1a.40";"36";"6";"4";"5-15%";"Moderate (++)";"null";"WP1_33.TPKo";40;"75_36_6_4_3579.jpg"
"pko.hbn.1a.40";"36";"6";"5";"16-30%";"Moderate (++)";"null";"WP1_42.TPKo";40;"75_36_6_5_3562.jpg"
"pko.hbn.1a.40";"36";"6";"6";">0% and <5%";"Strong (+++)";"null";"WP1_52.TPKo";40;"75_36_6_6_3546.jpg"
"pko.hbn.1a.40";"36";"6";"8";"null";"null";"Deatched";"WP1_61.TPKo";40;"75_36_6_8_3661.jpg"
"pko.hbn.1a.40";"36";"6";"9";"16-30%";"Strong (+++)";"null";"WP1_71.TPKo";40;"75_36_6_9_3658.jpg"
"pko.hbn.1a.40";"36";"7";"1";"null";"null";"Not representative";"WP1_4.TPKo";40;"75_36_7_1_3672.jpg"
"pko.hbn.1a.40";"36";"7";"10";">30%";"Strong (+++)";"null";"WP1_81.TPKo";40;"75_36_7_10_3497.jpg"
"pko.hbn.1a.40";"36";"7";"11";"null";"null";"Not representative";"WP1_90.TPKo";40;"75_36_7_11_3486.jpg"
"pko.hbn.1a.40";"36";"7";"12";">30%";"Moderate (++)";"null";"WP1_100.TPKo";40;"75_36_7_12_3463.jpg"
"pko.hbn.1a.40";"36";"7";"13";"0%";"Neg (-)";"null";"WP1_109.TPKo";40;"75_36_7_13_3443.jpg"
"pko.hbn.1a.40";"36";"7";"2";"5-15%";"Moderate (++)";"null";"WP1_14.TPKo";40;"75_36_7_2_3621.jpg"
"pko.hbn.1a.40";"36";"7";"3";"16-30%";"Strong (+++)";"null";"WP1_24.TPKo";40;"75_36_7_3_3599.jpg"
"pko.hbn.1a.40";"36";"7";"4";"16-30%";"Moderate (++)";"null";"WP1_33.TPKo";40;"75_36_7_4_3580.jpg"
"pko.hbn.1a.40";"36";"7";"5";"16-30%";"Moderate (++)";"null";"WP1_43.TPKo";40;"75_36_7_5_3563.jpg"
"pko.hbn.1a.40";"36";"7";"6";"5-15%";"Strong (+++)";"null";"WP1_52.TPKo";40;"75_36_7_6_3548.jpg"
"pko.hbn.1a.40";"36";"7";"8";">30%";"Strong (+++)";"null";"WP1_62.TPKo";40;"75_36_7_8_3530.jpg"
"pko.hbn.1a.40";"36";"7";"9";">0% and <5%";"Strong (+++)";"null";"WP1_71.TPKo";40;"75_36_7_9_3515.jpg"
"pko.hbn.1a.40";"36";"8";"1";"null";"null";"Not representative";"WP1_4.TPKo";40;"75_36_8_1_3639.jpg"
"pko.hbn.1a.40";"36";"8";"10";">30%";"Strong (+++)";"null";"WP1_81.TPKo";40;"75_36_8_10_3502.jpg"
"pko.hbn.1a.40";"36";"8";"11";"5-15%";"Strong (+++)";"null";"WP1_91.TPKo";40;"75_36_8_11_3487.jpg"
"pko.hbn.1a.40";"36";"8";"12";">30%";"Strong (+++)";"null";"WP1_100.TPKo";40;"75_36_8_12_3467.jpg"
"pko.hbn.1a.40";"36";"8";"13";"16-30%";"Strong (+++)";"null";"WP1_110.TPKo";40;"75_36_8_13_3444.jpg"
"pko.hbn.1a.40";"36";"8";"2";"5-15%";"Strong (+++)";"null";"WP1_14.TPKo";40;"75_36_8_2_3618.jpg"
"pko.hbn.1a.40";"36";"8";"3";"16-30%";"Moderate (++)";"null";"WP1_24.TPKo";40;"75_36_8_3_3600.jpg"
"pko.hbn.1a.40";"36";"8";"4";">0% and <5%";"Strong (+++)";"null";"WP1_34.TPKo";40;"75_36_8_4_3581.jpg"
"pko.hbn.1a.40";"36";"8";"5";">30%";"Moderate (++)";"null";"WP1_43.TPKo";40;"75_36_8_5_3564.jpg"
"pko.hbn.1a.40";"36";"8";"6";"null";"null";"Not representative";"WP1_53.TPKo";40;"75_36_8_6_3547.jpg"
"pko.hbn.1a.40";"36";"8";"8";"16-30%";"Moderate (++)";"null";"WP1_62.TPKo";40;"75_36_8_8_3531.jpg"
"pko.hbn.1a.40";"36";"8";"9";"null";"null";"Not representative";"WP1_72.TPKo";40;"75_36_8_9_3516.jpg"
"pko.hbn.1a.40";"36";"9";"1";">30%";"Strong (+++)";"null";"WP1_5.TPKo";40;"75_36_9_1_3636.jpg"
"pko.hbn.1a.40";"36";"9";"10";"null";"null";"Not representative";"WP1_82.TPKo";40;"75_36_9_10_3503.jpg"
"pko.hbn.1a.40";"36";"9";"11";"5-15%";"Strong (+++)";"null";"WP1_91.TPKo";40;"75_36_9_11_3483.jpg"
"pko.hbn.1a.40";"36";"9";"12";"16-30%";"Moderate (++)";"null";"WP1_101.TPKo";40;"75_36_9_12_3464.jpg"
"pko.hbn.1a.40";"36";"9";"13";"5-15%";"Strong (+++)";"null";"WP1_110.TPKo";40;"75_36_9_13_3439.jpg"
"pko.hbn.1a.40";"36";"9";"2";">30%";"Moderate (++)";"null";"WP1_15.TPKo";40;"75_36_9_2_3619.jpg"
"pko.hbn.1a.40";"36";"9";"3";"null";"null";"Not representative";"WP1_25.TPKo";40;"75_36_9_3_3602.jpg"
"pko.hbn.1a.40";"36";"9";"4";"5-15%";"Strong (+++)";"null";"WP1_34.TPKo";40;"75_36_9_4_3582.jpg"
"pko.hbn.1a.40";"36";"9";"5";">0% and <5%";"Moderate (++)";"null";"WP1_44.TPKo";40;"75_36_9_5_10559.jpg"
"pko.hbn.1a.40";"36";"9";"6";"null";"null";"Deatched";"WP1_53.TPKo";40;"75_36_9_6_3668.jpg"
"pko.hbn.1a.40";"36";"9";"8";"5-15%";"Strong (+++)";"null";"WP1_63.TPKo";40;"75_36_9_8_3533.jpg"
"pko.hbn.1a.40";"36";"9";"9";"null";"null";"Not representative";"WP1_72.TPKo";40;"75_36_9_9_3517.jpg"
"pko.hbn.1a.65";"36";"1";"1";">0% and <5%";"Strong (+++)";"null";"WP1_1.TPKo";65;"32_36_1_1_4345.jpg"
"pko.hbn.1a.65";"36";"1";"10";"null";"null";"Not representative";"WP1_78.TPKo";65;"32_36_1_10_4348.jpg"
"pko.hbn.1a.65";"36";"1";"11";"5-15%";"Strong (+++)";"null";"WP1_87.TPKo";65;"32_36_1_11_4215.jpg"
"pko.hbn.1a.65";"36";"1";"12";">0% and <5%";"Strong (+++)";"null";"WP1_97.TPKo";65;"32_36_1_12_4202.jpg"
"pko.hbn.1a.65";"36";"1";"13";"0%";"Neg (-)";"null";"WP1_106.TPKo";65;"32_36_1_13_4186.jpg"
"pko.hbn.1a.65";"36";"1";"2";">0% and <5%";"Strong (+++)";"null";"WP1_11.TPKo";65;"32_36_1_2_4333.jpg"
"pko.hbn.1a.65";"36";"1";"3";"null";"null";"Not representative";"WP1_21.TPKo";65;"32_36_1_3_4316.jpg"
"pko.hbn.1a.65";"36";"1";"4";"null";"null";"Detached";"WP1_30.TPKo";65;"32_36_1_4_4363.jpg"
"pko.hbn.1a.65";"36";"1";"5";"0%";"Neg (-)";"null";"WP1_40.TPKo";65;"32_36_1_5_4283.jpg"
"pko.hbn.1a.65";"36";"1";"6";">0% and <5%";"Moderate (++)";"null";"WP1_49.TPKo";65;"32_36_1_6_4267.jpg"
"pko.hbn.1a.65";"36";"1";"8";"null";"null";"Not representative";"WP1_59.TPKo";65;"32_36_1_8_10562.jpg"
"pko.hbn.1a.65";"36";"1";"9";"5-15%";"Moderate (++)";"null";"WP1_68.TPKo";65;"32_36_1_9_4243.jpg"
"pko.hbn.1a.65";"36";"10";"1";">0% and <5%";"Strong (+++)";"null";"WP1_5.TPKo";65;"32_36_10_1_4343.jpg"
"pko.hbn.1a.65";"36";"10";"10";">30%";"Weak (+)";"null";"WP1_82.TPKo";65;"32_36_10_10_4365.jpg"
"pko.hbn.1a.65";"36";"10";"11";"null";"null";"Detached";"WP1_92.TPKo";65;"32_36_10_11_4370.jpg"
"pko.hbn.1a.65";"36";"10";"12";">0% and <5%";"Strong (+++)";"null";"WP1_101.TPKo";65;"32_36_10_12_4194.jpg"
"pko.hbn.1a.65";"36";"10";"13";">0% and <5%";"Strong (+++)";"null";"WP1_111.TPKo";65;"32_36_10_13_4175.jpg"
"pko.hbn.1a.65";"36";"10";"2";"5-15%";"Moderate (++)";"null";"WP1_15.TPKo";65;"32_36_10_2_4325.jpg"
"pko.hbn.1a.65";"36";"10";"3";"16-30%";"Moderate (++)";"null";"WP1_25.TPKo";65;"32_36_10_3_4308.jpg"
"pko.hbn.1a.65";"36";"10";"4";">0% and <5%";"Strong (+++)";"null";"WP1_35.TPKo";65;"32_36_10_4_4292.jpg"
"pko.hbn.1a.65";"36";"10";"5";">30%";"Weak (+)";"null";"WP1_44.TPKo";65;"32_36_10_5_4275.jpg"
"pko.hbn.1a.65";"36";"10";"6";">0% and <5%";"Moderate (++)";"null";"WP1_54.TPKo";65;"32_36_10_6_10565.jpg"
"pko.hbn.1a.65";"36";"10";"8";"5-15%";"Strong (+++)";"null";"WP1_63.TPKo";65;"32_36_10_8_4368.jpg"
"pko.hbn.1a.65";"36";"10";"9";"16-30%";"Moderate (++)";"null";"WP1_73.TPKo";65;"32_36_10_9_4239.jpg"
"pko.hbn.1a.65";"36";"11";"1";"null";"null";"Not representative";"WP1_6.TPKo";65;"32_36_11_1_4339.jpg"
"pko.hbn.1a.65";"36";"11";"10";">0% and <5%";"Strong (+++)";"null";"WP1_83.TPKo";65;"32_36_11_10_4223.jpg"
"pko.hbn.1a.65";"36";"11";"11";"null";"null";"Not representative";"WP1_92.TPKo";65;"32_36_11_11_4371.jpg"
"pko.hbn.1a.65";"36";"11";"12";">0% and <5%";"Strong (+++)";"null";"WP1_102.TPKo";65;"32_36_11_12_4195.jpg"
"pko.hbn.1a.65";"36";"11";"13";"0%";"Neg (-)";"null";"WP1_111.TPKo";65;"32_36_11_13_4176.jpg"
"pko.hbn.1a.65";"36";"11";"2";"null";"null";"Detached";"WP1_16.TPKo";65;"32_36_11_2_4406.jpg"
"pko.hbn.1a.65";"36";"11";"3";"null";"null";"Not representative";"WP1_26.TPKo";65;"32_36_11_3_4307.jpg"
"pko.hbn.1a.65";"36";"11";"4";"null";"null";"Not representative";"WP1_35.TPKo";65;"32_36_11_4_4405.jpg"
"pko.hbn.1a.65";"36";"11";"5";">0% and <5%";"Moderate (++)";"null";"WP1_45.TPKo";65;"32_36_11_5_4404.jpg"
"pko.hbn.1a.65";"36";"11";"6";">30%";"Weak (+)";"null";"WP1_54.TPKo";65;"32_36_11_6_4259.jpg"
"pko.hbn.1a.65";"36";"11";"8";"16-30%";"Weak (+)";"null";"WP1_64.TPKo";65;"32_36_11_8_4248.jpg"
"pko.hbn.1a.65";"36";"11";"9";"null";"null";"Detached";"WP1_73.TPKo";65;"32_36_11_9_4367.jpg"
"pko.hbn.1a.65";"36";"12";"1";"5-15%";"Weak (+)";"null";"WP1_6.TPKo";65;"32_36_12_1_4340.jpg"
"pko.hbn.1a.65";"36";"12";"10";">0% and <5%";"Strong (+++)";"null";"WP1_83.TPKo";65;"32_36_12_10_4222.jpg"
"pko.hbn.1a.65";"36";"12";"11";"null";"null";"Detached";"WP1_93.TPKo";65;"32_36_12_11_4369.jpg"
"pko.hbn.1a.65";"36";"12";"12";">0% and <5%";"Strong (+++)";"null";"WP1_102.TPKo";65;"32_36_12_12_4196.jpg"
"pko.hbn.1a.65";"36";"12";"13";">0% and <5%";"Strong (+++)";"null";"WP1_112.TPKo";65;"32_36_12_13_4177.jpg"
"pko.hbn.1a.65";"36";"12";"2";"null";"null";"Detached";"WP1_16.TPKo";65;"32_36_12_2_4407.jpg"
"pko.hbn.1a.65";"36";"12";"3";">30%";"Moderate (++)";"Not representative";"WP1_26.TPKo";65;"32_36_12_3_4306.jpg"
"pko.hbn.1a.65";"36";"12";"4";">30%";"Moderate (++)";"null";"WP1_36.TPKo";65;"32_36_12_4_4293.jpg"
"pko.hbn.1a.65";"36";"12";"5";">0% and <5%";"Moderate (++)";"null";"WP1_45.TPKo";65;"32_36_12_5_4274.jpg"
"pko.hbn.1a.65";"36";"12";"6";"null";"null";"Not representative";"WP1_55.TPKo";65;"32_36_12_6_4261.jpg"
"pko.hbn.1a.65";"36";"12";"8";">30%";"Weak (+)";"null";"WP1_64.TPKo";65;"32_36_12_8_4245.jpg"
"pko.hbn.1a.65";"36";"12";"9";"null";"null";"Not representative";"WP1_74.TPKo";65;"32_36_12_9_4366.jpg"
"pko.hbn.1a.65";"36";"14";"1";"0%";"Neg (-)";"null";"WP1_7.TPKo";65;"32_36_14_1_4341.jpg"
"pko.hbn.1a.65";"36";"14";"10";"0%";"Neg (-)";"null";"WP1_84.TPKo";65;"32_36_14_10_4220.jpg"
"pko.hbn.1a.65";"36";"14";"11";"null";"null";"Not representative";"WP1_93.TPKo";65;"32_36_14_11_4205.jpg"
"pko.hbn.1a.65";"36";"14";"12";"0%";"Neg (-)";"null";"WP1_103.TPKo";65;"32_36_14_12_4189.jpg"
"pko.hbn.1a.65";"36";"14";"13";">0% and <5%";"Strong (+++)";"null";"WP1_112.TPKo";65;"32_36_14_13_4174.jpg"
"pko.hbn.1a.65";"36";"14";"2";"null";"null";"Not representative";"WP1_17.TPKo";65;"32_36_14_2_4324.jpg"
"pko.hbn.1a.65";"36";"14";"3";"0%";"Neg (-)";"null";"WP1_27.TPKo";65;"32_36_14_3_4305.jpg"
"pko.hbn.1a.65";"36";"14";"4";">0% and <5%";"Moderate (++)";"null";"WP1_36.TPKo";65;"32_36_14_4_4290.jpg"
"pko.hbn.1a.65";"36";"14";"5";"5-15%";"Moderate (++)";"null";"WP1_46.TPKo";65;"32_36_14_5_4272.jpg"
"pko.hbn.1a.65";"36";"14";"6";">30%";"Moderate (++)";"null";"WP1_55.TPKo";65;"32_36_14_6_4402.jpg"
"pko.hbn.1a.65";"36";"14";"8";">30%";"Weak (+)";"null";"WP1_65.TPKo";65;"32_36_14_8_4246.jpg"
"pko.hbn.1a.65";"36";"14";"9";"null";"null";"Detached";"WP1_74.TPKo";65;"32_36_14_9_4372.jpg"
"pko.hbn.1a.65";"36";"15";"1";"0%";"Neg (-)";"null";"WP1_7.TPKo";65;"32_36_15_1_4342.jpg"
"pko.hbn.1a.65";"36";"15";"10";"null";"null";"Detached";"WP1_84.TPKo";65;"32_36_15_10_4373.jpg"
"pko.hbn.1a.65";"36";"15";"11";"0%";"Neg (-)";"null";"WP1_94.TPKo";65;"32_36_15_11_4203.jpg"
"pko.hbn.1a.65";"36";"15";"12";"0%";"Neg (-)";"null";"WP1_103.TPKo";65;"32_36_15_12_4188.jpg"
"pko.hbn.1a.65";"36";"15";"13";"null";"null";"Not representative";"WP1_113.TPKo";65;"32_36_15_13_4171.jpg"
"pko.hbn.1a.65";"36";"15";"2";">0% and <5%";"Moderate (++)";"null";"WP1_17.TPKo";65;"32_36_15_2_4323.jpg"
"pko.hbn.1a.65";"36";"15";"3";"0%";"Neg (-)";"null";"WP1_27.TPKo";65;"32_36_15_3_4303.jpg"
"pko.hbn.1a.65";"36";"15";"4";">0% and <5%";"Strong (+++)";"null";"WP1_37.TPKo";65;"32_36_15_4_4289.jpg"
"pko.hbn.1a.65";"36";"15";"5";">30%";"Moderate (++)";"null";"WP1_46.TPKo";65;"32_36_15_5_4400.jpg"
"pko.hbn.1a.65";"36";"15";"6";">30%";"Moderate (++)";"null";"WP1_56.TPKo";65;"32_36_15_6_4257.jpg"
"pko.hbn.1a.65";"36";"15";"8";">30%";"Weak (+)";"null";"WP1_65.TPKo";65;"32_36_15_8_4249.jpg"
"pko.hbn.1a.65";"36";"15";"9";">0% and <5%";"Strong (+++)";"null";"WP1_75.TPKo";65;"32_36_15_9_4235.jpg"
"pko.hbn.1a.65";"36";"16";"1";">30%";"Weak (+)";"null";"WP1_8.TPKo";65;"32_36_16_1_4338.jpg"
"pko.hbn.1a.65";"36";"16";"10";"5-15%";"Strong (+++)";"null";"WP1_85.TPKo";65;"32_36_16_10_4219.jpg"
"pko.hbn.1a.65";"36";"16";"11";"0%";"Neg (-)";"null";"WP1_94.TPKo";65;"32_36_16_11_4204.jpg"
"pko.hbn.1a.65";"36";"16";"12";"0%";"Neg (-)";"null";"WP1_104.TPKo";65;"32_36_16_12_4192.jpg"
"pko.hbn.1a.65";"36";"16";"13";"null";"null";"Not representative";"WP1_113.TPKo";65;"32_36_16_13_4168.jpg"
"pko.hbn.1a.65";"36";"16";"2";">0% and <5%";"Strong (+++)";"null";"WP1_18.TPKo";65;"32_36_16_2_4321.jpg"
"pko.hbn.1a.65";"36";"16";"3";"0%";"Neg (-)";"null";"WP1_28.TPKo";65;"32_36_16_3_4304.jpg"
"pko.hbn.1a.65";"36";"16";"4";">0% and <5%";"Strong (+++)";"null";"WP1_37.TPKo";65;"32_36_16_4_4291.jpg"
"pko.hbn.1a.65";"36";"16";"5";"null";"null";"Not representative";"WP1_47.TPKo";65;"32_36_16_5_4401.jpg"
"pko.hbn.1a.65";"36";"16";"6";">30%";"Moderate (++)";"null";"WP1_56.TPKo";65;"32_36_16_6_4256.jpg"
"pko.hbn.1a.65";"36";"16";"8";"16-30%";"Weak (+)";"null";"WP1_66.TPKo";65;"32_36_16_8_4374.jpg"
"pko.hbn.1a.65";"36";"16";"9";">0% and <5%";"Strong (+++)";"null";"WP1_75.TPKo";65;"32_36_16_9_4236.jpg"
"pko.hbn.1a.65";"36";"17";"1";"16-30%";"Weak (+)";"null";"WP1_8.TPKo";65;"32_36_17_1_4335.jpg"
"pko.hbn.1a.65";"36";"17";"10";"5-15%";"Moderate (++)";"null";"WP1_85.TPKo";65;"32_36_17_10_4221.jpg"
"pko.hbn.1a.65";"36";"17";"11";">0% and <5%";"Strong (+++)";"null";"WP1_95.TPKo";65;"32_36_17_11_4206.jpg"
"pko.hbn.1a.65";"36";"17";"12";">0% and <5%";"Strong (+++)";"null";"WP1_104.TPKo";65;"32_36_17_12_4190.jpg"
"pko.hbn.1a.65";"36";"17";"13";">0% and <5%";"Weak (+)";"null";"WP1_114.TPKo";65;"32_36_17_13_4172.jpg"
"pko.hbn.1a.65";"36";"17";"2";"0%";"Neg (-)";"null";"WP1_18.TPKo";65;"32_36_17_2_4320.jpg"
"pko.hbn.1a.65";"36";"17";"3";"null";"null";"Not representative";"WP1_28.TPKo";65;"32_36_17_3_4301.jpg"
"pko.hbn.1a.65";"36";"17";"4";"0%";"Neg (-)";"null";"WP1_38.TPKo";65;"32_36_17_4_4287.jpg"
"pko.hbn.1a.65";"36";"17";"5";">30%";"Strong (+++)";"null";"WP1_47.TPKo";65;"32_36_17_5_4271.jpg"
"pko.hbn.1a.65";"36";"17";"6";"0%";"Neg (-)";"null";"WP1_57.TPKo";65;"32_36_17_6_4258.jpg"
"pko.hbn.1a.65";"36";"17";"8";"null";"null";"Not representative";"WP1_66.TPKo";65;"32_36_17_8_4375.jpg"
"pko.hbn.1a.65";"36";"17";"9";"null";"null";"Detached";"WP1_76.TPKo";65;"32_36_17_9_4376.jpg"
"pko.hbn.1a.65";"36";"18";"1";"0%";"Neg (-)";"null";"WP1_9.TPKo";65;"32_36_18_1_4336.jpg"
"pko.hbn.1a.65";"36";"18";"10";"0%";"Neg (-)";"null";"WP1_86.TPKo";65;"32_36_18_10_4217.jpg"
"pko.hbn.1a.65";"36";"18";"11";">0% and <5%";"Strong (+++)";"null";"WP1_95.TPKo";65;"32_36_18_11_4378.jpg"
"pko.hbn.1a.65";"36";"18";"12";">0% and <5%";"Strong (+++)";"null";"WP1_105.TPKo";65;"32_36_18_12_4187.jpg"
"pko.hbn.1a.65";"36";"18";"13";"5-15%";"Moderate (++)";"null";"WP1_114.TPKo";65;"32_36_18_13_4169.jpg"
"pko.hbn.1a.65";"36";"18";"2";">0% and <5%";"Weak (+)";"null";"WP1_19.TPKo";65;"32_36_18_2_4322.jpg"
"pko.hbn.1a.65";"36";"18";"3";">30%";"Weak (+)";"null";"WP1_29.TPKo";65;"32_36_18_3_4302.jpg"
"pko.hbn.1a.65";"36";"18";"4";">0% and <5%";"Weak (+)";"null";"WP1_38.TPKo";65;"32_36_18_4_4285.jpg"
"pko.hbn.1a.65";"36";"18";"5";"5-15%";"Weak (+)";"null";"WP1_48.TPKo";65;"32_36_18_5_4270.jpg"
"pko.hbn.1a.65";"36";"18";"6";"null";"null";"Not representative";"WP1_57.TPKo";65;"32_36_18_6_4399.jpg"
"pko.hbn.1a.65";"36";"18";"8";"null";"null";"Not representative";"WP1_67.TPKo";65;"32_36_18_8_4379.jpg"
"pko.hbn.1a.65";"36";"18";"9";"null";"null";"Detached";"WP1_76.TPKo";65;"32_36_18_9_4377.jpg"
"pko.hbn.1a.65";"36";"19";"1";"0%";"Neg (-)";"null";"WP1_9.TPKo";65;"32_36_19_1_4337.jpg"
"pko.hbn.1a.65";"36";"19";"10";">0% and <5%";"Strong (+++)";"null";"WP1_86.TPKo";65;"32_36_19_10_4216.jpg"
"pko.hbn.1a.65";"36";"19";"11";"null";"null";"Detached";"WP1_96.TPKo";65;"32_36_19_11_4382.jpg"
"pko.hbn.1a.65";"36";"19";"12";"null";"null";"Detached";"WP1_105.TPKo";65;"32_36_19_12_4384.jpg"
"pko.hbn.1a.65";"36";"19";"13";"null";"null";"Not representative";"WP1_115.TPKo";65;"32_36_19_13_4383.jpg"
"pko.hbn.1a.65";"36";"19";"2";"16-30%";"Moderate (++)";"null";"WP1_19.TPKo";65;"32_36_19_2_4319.jpg"
"pko.hbn.1a.65";"36";"19";"3";"16-30%";"Moderate (++)";"null";"WP1_29.TPKo";65;"32_36_19_3_4393.jpg"
"pko.hbn.1a.65";"36";"19";"4";">0% and <5%";"Strong (+++)";"null";"WP1_39.TPKo";65;"32_36_19_4_4288.jpg"
"pko.hbn.1a.65";"36";"19";"5";"null";"null";"Detached";"WP1_48.TPKo";65;"32_36_19_5_4397.jpg"
"pko.hbn.1a.65";"36";"19";"6";">30%";"Moderate (++)";"null";"WP1_58.TPKo";65;"32_36_19_6_4255.jpg"
"pko.hbn.1a.65";"36";"19";"8";"null";"null";"Not representative";"WP1_67.TPKo";65;"32_36_19_8_4380.jpg"
"pko.hbn.1a.65";"36";"19";"9";">30%";"Weak (+)";"null";"WP1_77.TPKo";65;"32_36_19_9_4234.jpg"
"pko.hbn.1a.65";"36";"2";"1";">30%";"Weak (+)";"null";"WP1_1.TPKo";65;"32_36_2_1_4347.jpg"
"pko.hbn.1a.65";"36";"2";"10";"null";"null";"Not representative";"WP1_78.TPKo";65;"32_36_2_10_4233.jpg"
"pko.hbn.1a.65";"36";"2";"11";">0% and <5%";"Strong (+++)";"null";"WP1_88.TPKo";65;"32_36_2_11_4214.jpg"
"pko.hbn.1a.65";"36";"2";"12";">0% and <5%";"Strong (+++)";"null";"WP1_97.TPKo";65;"32_36_2_12_4201.jpg"
"pko.hbn.1a.65";"36";"2";"13";"0%";"Neg (-)";"null";"WP1_107.TPKo";65;"32_36_2_13_4185.jpg"
"pko.hbn.1a.65";"36";"2";"2";"5-15%";"Moderate (++)";"null";"WP1_11.TPKo";65;"32_36_2_2_4334.jpg"
"pko.hbn.1a.65";"36";"2";"3";">30%";"Moderate (++)";"null";"WP1_21.TPKo";65;"32_36_2_3_4317.jpg"
"pko.hbn.1a.65";"36";"2";"4";"5-15%";"Weak (+)";"null";"WP1_31.TPKo";65;"32_36_2_4_4362.jpg"
"pko.hbn.1a.65";"36";"2";"5";">30%";"Weak (+)";"null";"WP1_40.TPKo";65;"32_36_2_5_4284.jpg"
"pko.hbn.1a.65";"36";"2";"6";"5-15%";"Moderate (++)";"null";"WP1_50.TPKo";65;"32_36_2_6_4268.jpg"
"pko.hbn.1a.65";"36";"2";"8";"16-30%";"Moderate (++)";"null";"WP1_59.TPKo";65;"32_36_2_8_10563.jpg"
"pko.hbn.1a.65";"36";"2";"9";"null";"null";"Detached";"WP1_69.TPKo";65;"32_36_2_9_4349.jpg"
"pko.hbn.1a.65";"36";"20";"1";"16-30%";"Moderate (++)";"null";"WP1_10.TPKo";65;"32_36_20_1_4395.jpg"
"pko.hbn.1a.65";"36";"20";"10";">0% and <5%";"Strong (+++)";"null";"WP1_87.TPKo";65;"32_36_20_10_4218.jpg"
"pko.hbn.1a.65";"36";"20";"11";"null";"null";"Detached";"WP1_96.TPKo";65;"32_36_20_11_4385.jpg"
"pko.hbn.1a.65";"36";"20";"12";">0% and <5%";"Strong (+++)";"null";"WP1_106.TPKo";65;"32_36_20_12_4191.jpg"
"pko.hbn.1a.65";"36";"20";"13";"null";"null";"Not representative";"WP1_115.TPKo";65;"32_36_20_13_4170.jpg"
"pko.hbn.1a.65";"36";"20";"2";">0% and <5%";"Weak (+)";"null";"WP1_20.TPKo";65;"32_36_20_2_4318.jpg"
"pko.hbn.1a.65";"36";"20";"3";"null";"null";"Not representative";"WP1_30.TPKo";65;"32_36_20_3_4394.jpg"
"pko.hbn.1a.65";"36";"20";"4";">0% and <5%";"Strong (+++)";"null";"WP1_39.TPKo";65;"32_36_20_4_4286.jpg"
"pko.hbn.1a.65";"36";"20";"5";"16-30%";"Weak (+)";"null";"WP1_49.TPKo";65;"32_36_20_5_4269.jpg"
"pko.hbn.1a.65";"36";"20";"6";"null";"null";"Not representative";"WP1_58.TPKo";65;"32_36_20_6_4398.jpg"
"pko.hbn.1a.65";"36";"20";"8";"5-15%";"Weak (+)";"null";"WP1_68.TPKo";65;"32_36_20_8_4244.jpg"
"pko.hbn.1a.65";"36";"20";"9";"null";"null";"Not representative";"WP1_77.TPKo";65;"32_36_20_9_4381.jpg"
"pko.hbn.1a.65";"36";"21";"1";"0%";"Neg (-)";"null";"WP1_10.TPKo";65;"32_36_21_1_4331.jpg"
"pko.hbn.1a.65";"36";"21";"2";"null";"null";"Detached";"WP1_20.TPKo";65;"32_36_21_2_4396.jpg"
"pko.hbn.1a.65";"36";"22";"10";"16-30%";"Weak (+)";"null";"WP1_119.TPKo";65;"32_36_22_10_4392.jpg"
"pko.hbn.1a.65";"36";"22";"11";"0%";"Neg (-)";"null";"WP1_120.TPKo";65;"32_36_22_11_4207.jpg"
"pko.hbn.1a.65";"36";"22";"12";"0%";"Neg (-)";"null";"WP1_121.TPKo";65;"32_36_22_12_4391.jpg"
"pko.hbn.1a.65";"36";"22";"13";">30%";"Weak (+)";"null";"WP1_123.TPKo";65;"32_36_22_13_4386.jpg"
"pko.hbn.1a.65";"36";"22";"8";">30%";"Moderate (++)";"null";"WP1_116.TPKo";65;"32_36_22_8_4247.jpg"
"pko.hbn.1a.65";"36";"22";"9";"null";"null";"Detached";"WP1_118.TPKo";65;"32_36_22_9_4388.jpg"
"pko.hbn.1a.65";"36";"3";"1";">0% and <5%";"Strong (+++)";"null";"WP1_2.TPKo";65;"32_36_3_1_4346.jpg"
"pko.hbn.1a.65";"36";"3";"10";">30%";"Moderate (++)";"null";"WP1_79.TPKo";65;"32_36_3_10_4230.jpg"
"pko.hbn.1a.65";"36";"3";"11";"0%";"Neg (-)";"null";"WP1_88.TPKo";65;"32_36_3_11_4213.jpg"
"pko.hbn.1a.65";"36";"3";"12";"null";"null";"Not representative";"WP1_98.TPKo";65;"32_36_3_12_4350.jpg"
"pko.hbn.1a.65";"36";"3";"13";">0% and <5%";"Strong (+++)";"null";"WP1_107.TPKo";65;"32_36_3_13_4184.jpg"
"pko.hbn.1a.65";"36";"3";"2";"0%";"Neg (-)";"null";"WP1_12.TPKo";65;"32_36_3_2_4364.jpg"
"pko.hbn.1a.65";"36";"3";"3";"16-30%";"Weak (+)";"null";"WP1_22.TPKo";65;"32_36_3_3_4314.jpg"
"pko.hbn.1a.65";"36";"3";"4";"16-30%";"Moderate (++)";"null";"WP1_31.TPKo";65;"32_36_3_4_4300.jpg"
"pko.hbn.1a.65";"36";"3";"5";"5-15%";"Moderate (++)";"null";"WP1_41.TPKo";65;"32_36_3_5_4281.jpg"
"pko.hbn.1a.65";"36";"3";"6";"null";"null";"Not representative";"WP1_50.TPKo";65;"32_36_3_6_4266.jpg"
"pko.hbn.1a.65";"36";"3";"8";">0% and <5%";"Moderate (++)";"null";"WP1_60.TPKo";65;"32_36_3_8_4254.jpg"
"pko.hbn.1a.65";"36";"3";"9";"0%";"Neg (-)";"null";"WP1_69.TPKo";65;"32_36_3_9_4242.jpg"
"pko.hbn.1a.65";"36";"4";"1";">0% and <5%";"Moderate (++)";"null";"WP1_2.TPKo";65;"32_36_4_1_4412.jpg"
"pko.hbn.1a.65";"36";"4";"10";">30%";"Weak (+)";"null";"WP1_79.TPKo";65;"32_36_4_10_4231.jpg"
"pko.hbn.1a.65";"36";"4";"11";">30%";"Weak (+)";"null";"WP1_89.TPKo";65;"32_36_4_11_4211.jpg"
"pko.hbn.1a.65";"36";"4";"12";">0% and <5%";"Strong (+++)";"null";"WP1_98.TPKo";65;"32_36_4_12_4200.jpg"
"pko.hbn.1a.65";"36";"4";"13";"5-15%";"Moderate (++)";"null";"WP1_108.TPKo";65;"32_36_4_13_4183.jpg"
"pko.hbn.1a.65";"36";"4";"2";"5-15%";"Weak (+)";"null";"WP1_12.TPKo";65;"32_36_4_2_4332.jpg"
"pko.hbn.1a.65";"36";"4";"3";"0%";"Neg (-)";"null";"WP1_22.TPKo";65;"32_36_4_3_4315.jpg"
"pko.hbn.1a.65";"36";"4";"4";">0% and <5%";"Strong (+++)";"null";"WP1_32.TPKo";65;"32_36_4_4_4299.jpg"
"pko.hbn.1a.65";"36";"4";"5";"null";"null";"Not representative";"WP1_41.TPKo";65;"32_36_4_5_4282.jpg"
"pko.hbn.1a.65";"36";"4";"6";">30%";"Weak (+)";"null";"WP1_51.TPKo";65;"32_36_4_6_4265.jpg"
"pko.hbn.1a.65";"36";"4";"8";">0% and <5%";"Strong (+++)";"null";"WP1_60.TPKo";65;"32_36_4_8_4253.jpg"
"pko.hbn.1a.65";"36";"4";"9";"null";"null";"Not representative";"WP1_70.TPKo";65;"32_36_4_9_4351.jpg"
"pko.hbn.1a.65";"36";"5";"10";">30%";"Weak (+)";"null";"WP1_80.TPKo";65;"32_36_5_10_4232.jpg"
"pko.hbn.1a.65";"36";"5";"11";">30%";"Weak (+)";"null";"WP1_89.TPKo";65;"32_36_5_11_4210.jpg"
"pko.hbn.1a.65";"36";"5";"12";"null";"null";"Not representative";"WP1_99.TPKo";65;"32_36_5_12_4352.jpg"
"pko.hbn.1a.65";"36";"5";"13";"null";"null";"Not representative";"WP1_108.TPKo";65;"32_36_5_13_4180.jpg"
"pko.hbn.1a.65";"36";"5";"2";">0% and <5%";"Moderate (++)";"null";"WP1_13.TPKo";65;"32_36_5_2_4329.jpg"
"pko.hbn.1a.65";"36";"5";"3";">0% and <5%";"Strong (+++)";"null";"WP1_23.TPKo";65;"32_36_5_3_4313.jpg"
"pko.hbn.1a.65";"36";"5";"4";">0% and <5%";"Strong (+++)";"null";"WP1_32.TPKo";65;"32_36_5_4_4298.jpg"
"pko.hbn.1a.65";"36";"5";"5";"null";"null";"null";"WP1_42.TPKo";65;"32_36_5_5_4280.jpg"
"pko.hbn.1a.65";"36";"5";"6";">30%";"Weak (+)";"null";"WP1_51.TPKo";65;"32_36_5_6_4264.jpg"
"pko.hbn.1a.65";"36";"5";"8";"null";"null";"Detached";"WP1_61.TPKo";65;"32_36_5_8_4357.jpg"
"pko.hbn.1a.65";"36";"5";"9";"null";"null";"Detached";"WP1_70.TPKo";65;"32_36_5_9_4356.jpg"
"pko.hbn.1a.65";"36";"6";"1";"null";"null";"Detached";"WP1_3.TPKo";65;"32_36_6_1_4410.jpg"
"pko.hbn.1a.65";"36";"6";"10";">0% and <5%";"Strong (+++)";"null";"WP1_80.TPKo";65;"32_36_6_10_4226.jpg"
"pko.hbn.1a.65";"36";"6";"11";"0%";"Neg (-)";"null";"WP1_90.TPKo";65;"32_36_6_11_4212.jpg"
"pko.hbn.1a.65";"36";"6";"12";"null";"null";"Not representative";"WP1_99.TPKo";65;"32_36_6_12_4353.jpg"
"pko.hbn.1a.65";"36";"6";"13";"null";"null";"Not representative";"WP1_109.TPKo";65;"32_36_6_13_4182.jpg"
"pko.hbn.1a.65";"36";"6";"2";">0% and <5%";"Strong (+++)";"null";"WP1_13.TPKo";65;"32_36_6_2_4328.jpg"
"pko.hbn.1a.65";"36";"6";"3";">0% and <5%";"Strong (+++)";"null";"WP1_23.TPKo";65;"32_36_6_3_4312.jpg"
"pko.hbn.1a.65";"36";"6";"4";"16-30%";"Moderate (++)";"null";"WP1_33.TPKo";65;"32_36_6_4_4297.jpg"
"pko.hbn.1a.65";"36";"6";"5";">0% and <5%";"Strong (+++)";"null";"WP1_42.TPKo";65;"32_36_6_5_4279.jpg"
"pko.hbn.1a.65";"36";"6";"6";"0%";"Neg (-)";"null";"WP1_52.TPKo";65;"32_36_6_6_4263.jpg"
"pko.hbn.1a.65";"36";"6";"8";"null";"null";"Detached";"WP1_61.TPKo";65;"32_36_6_8_4358.jpg"
"pko.hbn.1a.65";"36";"6";"9";">30%";"Moderate (++)";"null";"WP1_71.TPKo";65;"32_36_6_9_4359.jpg"
"pko.hbn.1a.65";"36";"7";"1";"null";"null";"Not representative";"WP1_4.TPKo";65;"32_36_7_1_4409.jpg"
"pko.hbn.1a.65";"36";"7";"10";"5-15%";"Strong (+++)";"null";"WP1_81.TPKo";65;"32_36_7_10_4227.jpg"
"pko.hbn.1a.65";"36";"7";"11";">30%";"Weak (+)";"null";"WP1_90.TPKo";65;"32_36_7_11_4355.jpg"
"pko.hbn.1a.65";"36";"7";"12";">30%";"Weak (+)";"null";"WP1_100.TPKo";65;"32_36_7_12_4354.jpg"
"pko.hbn.1a.65";"36";"7";"13";"null";"null";"Not representative";"WP1_109.TPKo";65;"32_36_7_13_4178.jpg"
"pko.hbn.1a.65";"36";"7";"2";">0% and <5%";"Weak (+)";"null";"WP1_14.TPKo";65;"32_36_7_2_4330.jpg"
"pko.hbn.1a.65";"36";"7";"3";">0% and <5%";"Strong (+++)";"null";"WP1_24.TPKo";65;"32_36_7_3_4309.jpg"
"pko.hbn.1a.65";"36";"7";"4";"16-30%";"Moderate (++)";"null";"WP1_33.TPKo";65;"32_36_7_4_4294.jpg"
"pko.hbn.1a.65";"36";"7";"5";"0%";"Neg (-)";"null";"WP1_43.TPKo";65;"32_36_7_5_4277.jpg"
"pko.hbn.1a.65";"36";"7";"6";">30%";"Weak (+)";"null";"WP1_52.TPKo";65;"32_36_7_6_4262.jpg"
"pko.hbn.1a.65";"36";"7";"8";"5-15%";"Strong (+++)";"null";"WP1_62.TPKo";65;"32_36_7_8_4252.jpg"
"pko.hbn.1a.65";"36";"7";"9";">30%";"Weak (+)";"null";"WP1_71.TPKo";65;"32_36_7_9_4240.jpg"
"pko.hbn.1a.65";"36";"8";"1";"null";"null";"Detached";"WP1_4.TPKo";65;"32_36_8_1_4408.jpg"
"pko.hbn.1a.65";"36";"8";"10";">0% and <5%";"Strong (+++)";"null";"WP1_81.TPKo";65;"32_36_8_10_4228.jpg"
"pko.hbn.1a.65";"36";"8";"11";">0% and <5%";"null";"null";"WP1_91.TPKo";65;"32_36_8_11_4208.jpg"
"pko.hbn.1a.65";"36";"8";"12";">30%";"Moderate (++)";"null";"WP1_100.TPKo";65;"32_36_8_12_4198.jpg"
"pko.hbn.1a.65";"36";"8";"13";"5-15%";"Moderate (++)";"null";"WP1_110.TPKo";65;"32_36_8_13_4179.jpg"
"pko.hbn.1a.65";"36";"8";"2";"5-15%";"null";"null";"WP1_14.TPKo";65;"32_36_8_2_4327.jpg"
"pko.hbn.1a.65";"36";"8";"3";">0% and <5%";"Moderate (++)";"null";"WP1_24.TPKo";65;"32_36_8_3_4310.jpg"
"pko.hbn.1a.65";"36";"8";"4";"0%";"Neg (-)";"null";"WP1_34.TPKo";65;"32_36_8_4_4295.jpg"
"pko.hbn.1a.65";"36";"8";"5";">30%";"Weak (+)";"null";"WP1_43.TPKo";65;"32_36_8_5_4276.jpg"
"pko.hbn.1a.65";"36";"8";"6";">30%";"Moderate (++)";"null";"WP1_53.TPKo";65;"32_36_8_6_4260.jpg"
"pko.hbn.1a.65";"36";"8";"8";">0% and <5%";"Strong (+++)";"null";"WP1_62.TPKo";65;"32_36_8_8_4250.jpg"
"pko.hbn.1a.65";"36";"8";"9";"null";"null";"Not representative";"WP1_72.TPKo";65;"32_36_8_9_4241.jpg"
"pko.hbn.1a.65";"36";"9";"1";">0% and <5%";"Strong (+++)";"null";"WP1_5.TPKo";65;"32_36_9_1_4344.jpg"
"pko.hbn.1a.65";"36";"9";"10";"null";"null";"Not representative";"WP1_82.TPKo";65;"32_36_9_10_4413.jpg"
"pko.hbn.1a.65";"36";"9";"11";"null";"null";"Not representative";"WP1_91.TPKo";65;"32_36_9_11_4209.jpg"
"pko.hbn.1a.65";"36";"9";"12";">0% and <5%";"Strong (+++)";"null";"WP1_101.TPKo";65;"32_36_9_12_4193.jpg"
"pko.hbn.1a.65";"36";"9";"13";">0% and <5%";"Strong (+++)";"null";"WP1_110.TPKo";65;"32_36_9_13_4173.jpg"
"pko.hbn.1a.65";"36";"9";"2";"0%";"Neg (-)";"null";"WP1_15.TPKo";65;"32_36_9_2_4326.jpg"
"pko.hbn.1a.65";"36";"9";"3";"5-15%";"Moderate (++)";"null";"WP1_25.TPKo";65;"32_36_9_3_4311.jpg"
"pko.hbn.1a.65";"36";"9";"4";"0%";"Neg (-)";"null";"WP1_34.TPKo";65;"32_36_9_4_4296.jpg"
"pko.hbn.1a.65";"36";"9";"5";">30%";"Weak (+)";"null";"WP1_44.TPKo";65;"32_36_9_5_4278.jpg"
"pko.hbn.1a.65";"36";"9";"6";"null";"null";"Not representative";"WP1_53.TPKo";65;"32_36_9_6_10564.jpg"
"pko.hbn.1a.65";"36";"9";"8";">0% and <5%";"Moderate (++)";"null";"WP1_63.TPKo";65;"32_36_9_8_4251.jpg"
"pko.hbn.1a.65";"36";"9";"9";"16-30%";"Weak (+)";"null";"WP1_72.TPKo";65;"32_36_9_9_4238.jpg"
"pko.hbn.1a.59";"36";"1";"1";"10-39%";"Weak (+)";"null";"WP1_1.TPKo";59;"16_36_1_1_805.jpg"
"pko.hbn.1a.59";"36";"1";"10";"null";"null";"Not representative";"WP1_78.TPKo";59;"16_36_1_10_666.jpg"
"pko.hbn.1a.59";"36";"1";"11";"70-100%";"Moderate (++)";"null";"WP1_87.TPKo";59;"16_36_1_11_652.jpg"
"pko.hbn.1a.59";"36";"1";"12";"0%";"Neg (-)";"null";"WP1_97.TPKo";59;"16_36_1_12_633.jpg"
"pko.hbn.1a.59";"36";"1";"13";"70-100%";"Strong (+++)";"null";"WP1_106.TPKo";59;"16_36_1_13_616.jpg"
"pko.hbn.1a.59";"36";"1";"2";"0%";"Neg (-)";"null";"WP1_11.TPKo";59;"16_36_1_2_786.jpg"
"pko.hbn.1a.59";"36";"1";"3";"null";"null";"Not representative";"WP1_21.TPKo";59;"16_36_1_3_767.jpg"
"pko.hbn.1a.59";"36";"1";"4";"70-100%";"Moderate (++)";"null";"WP1_30.TPKo";59;"16_36_1_4_830.jpg"
"pko.hbn.1a.59";"36";"1";"5";"40-69%";"Moderate (++)";"null";"WP1_40.TPKo";59;"16_36_1_5_730.jpg"
"pko.hbn.1a.59";"36";"1";"6";"40-69%";"Moderate (++)";"null";"WP1_49.TPKo";59;"16_36_1_6_712.jpg"
"pko.hbn.1a.59";"36";"1";"8";"70-100%";"Moderate (++)";"null";"WP1_59.TPKo";59;"16_36_1_8_696.jpg"
"pko.hbn.1a.59";"36";"1";"9";"40-69%";"Weak (+)";"null";"WP1_68.TPKo";59;"16_36_1_9_683.jpg"
"pko.hbn.1a.59";"36";"10";"1";"70-100%";"Moderate (++)";"null";"WP1_5.TPKo";59;"16_36_10_1_812.jpg"
"pko.hbn.1a.59";"36";"10";"10";"70-100%";"Moderate (++)";"null";"WP1_82.TPKo";59;"16_36_10_10_672.jpg"
"pko.hbn.1a.59";"36";"10";"11";"70-100%";"Strong (+++)";"null";"WP1_92.TPKo";59;"16_36_10_11_655.jpg"
"pko.hbn.1a.59";"36";"10";"12";"70-100%";"Strong (+++)";"null";"WP1_101.TPKo";59;"16_36_10_12_635.jpg"
"pko.hbn.1a.59";"36";"10";"13";"70-100%";"Strong (+++)";"null";"WP1_111.TPKo";59;"16_36_10_13_615.jpg"
"pko.hbn.1a.59";"36";"10";"2";"70-100%";"Moderate (++)";"null";"WP1_15.TPKo";59;"16_36_10_2_794.jpg"
"pko.hbn.1a.59";"36";"10";"3";"10-39%";"Moderate (++)";"null";"WP1_25.TPKo";59;"16_36_10_3_775.jpg"
"pko.hbn.1a.59";"36";"10";"4";"70-100%";"Strong (+++)";"null";"WP1_35.TPKo";59;"16_36_10_4_757.jpg"
"pko.hbn.1a.59";"36";"10";"5";"70-100%";"Moderate (++)";"null";"WP1_44.TPKo";59;"16_36_10_5_739.jpg"
"pko.hbn.1a.59";"36";"10";"6";"0%";"Neg (-)";"null";"WP1_54.TPKo";59;"16_36_10_6_720.jpg"
"pko.hbn.1a.59";"36";"10";"8";"1-9%";"Strong (+++)";"null";"WP1_63.TPKo";59;"16_36_10_8_705.jpg"
"pko.hbn.1a.59";"36";"10";"9";"70-100%";"Strong (+++)";"null";"WP1_73.TPKo";59;"16_36_10_9_690.jpg"
"pko.hbn.1a.59";"36";"11";"1";"40-69%";"Moderate (++)";"null";"WP1_6.TPKo";59;"16_36_11_1_810.jpg"
"pko.hbn.1a.59";"36";"11";"10";"70-100%";"Strong (+++)";"null";"WP1_83.TPKo";59;"16_36_11_10_674.jpg"
"pko.hbn.1a.59";"36";"11";"11";"70-100%";"Strong (+++)";"null";"WP1_92.TPKo";59;"16_36_11_11_656.jpg"
"pko.hbn.1a.59";"36";"11";"12";"40-69%";"Strong (+++)";"null";"WP1_102.TPKo";59;"16_36_11_12_636.jpg"
"pko.hbn.1a.59";"36";"11";"13";"70-100%";"Strong (+++)";"null";"WP1_111.TPKo";59;"16_36_11_13_617.jpg"
"pko.hbn.1a.59";"36";"11";"3";"null";"null";"Not representative";"WP1_26.TPKo";59;"16_36_11_3_779.jpg"
"pko.hbn.1a.59";"36";"11";"4";"70-100%";"Strong (+++)";"null";"WP1_35.TPKo";59;"16_36_11_4_758.jpg"
"pko.hbn.1a.59";"36";"11";"5";"70-100%";"Strong (+++)";"null";"WP1_45.TPKo";59;"16_36_11_5_738.jpg"
"pko.hbn.1a.59";"36";"11";"6";"0%";"Neg (-)";"null";"WP1_54.TPKo";59;"16_36_11_6_721.jpg"
"pko.hbn.1a.59";"36";"11";"8";"70-100%";"Moderate (++)";"null";"WP1_64.TPKo";59;"16_36_11_8_704.jpg"
"pko.hbn.1a.59";"36";"12";"1";"70-100%";"Moderate (++)";"null";"WP1_6.TPKo";59;"16_36_12_1_813.jpg"
"pko.hbn.1a.59";"36";"12";"10";"70-100%";"Strong (+++)";"null";"WP1_83.TPKo";59;"16_36_12_10_673.jpg"
"pko.hbn.1a.59";"36";"12";"12";"70-100%";"Strong (+++)";"null";"WP1_102.TPKo";59;"16_36_12_12_638.jpg"
"pko.hbn.1a.59";"36";"12";"13";"40-69%";"Moderate (++)";"null";"WP1_112.TPKo";59;"16_36_12_13_620.jpg"
"pko.hbn.1a.59";"36";"12";"2";"null";"null";"Not representative";"WP1_16.TPKo";59;"16_36_12_2_799.jpg"
"pko.hbn.1a.59";"36";"12";"3";"70-100%";"Moderate (++)";"null";"WP1_26.TPKo";59;"16_36_12_3_780.jpg"
"pko.hbn.1a.59";"36";"12";"4";"70-100%";"Moderate (++)";"null";"WP1_36.TPKo";59;"16_36_12_4_759.jpg"
"pko.hbn.1a.59";"36";"12";"5";"70-100%";"Strong (+++)";"null";"WP1_45.TPKo";59;"16_36_12_5_740.jpg"
"pko.hbn.1a.59";"36";"12";"6";"null";"null";"Not representative";"WP1_55.TPKo";59;"16_36_12_6_726.jpg"
"pko.hbn.1a.59";"36";"12";"8";"70-100%";"Moderate (++)";"null";"WP1_64.TPKo";59;"16_36_12_8_702.jpg"
"pko.hbn.1a.59";"36";"12";"9";"70-100%";"Strong (+++)";"null";"WP1_74.TPKo";59;"16_36_12_9_689.jpg"
"pko.hbn.1a.59";"36";"14";"1";"0%";"Neg (-)";"null";"WP1_7.TPKo";59;"16_36_14_1_817.jpg"
"pko.hbn.1a.59";"36";"14";"10";"70-100%";"Moderate (++)";"null";"WP1_84.TPKo";59;"16_36_14_10_675.jpg"
"pko.hbn.1a.59";"36";"14";"11";"70-100%";"Moderate (++)";"null";"WP1_93.TPKo";59;"16_36_14_11_657.jpg"
"pko.hbn.1a.59";"36";"14";"12";"10-39%";"Moderate (++)";"null";"WP1_103.TPKo";59;"16_36_14_12_639.jpg"
"pko.hbn.1a.59";"36";"14";"13";"70-100%";"Moderate (++)";"null";"WP1_112.TPKo";59;"16_36_14_13_621.jpg"
"pko.hbn.1a.59";"36";"14";"2";"70-100%";"Strong (+++)";"null";"WP1_17.TPKo";59;"16_36_14_2_796.jpg"
"pko.hbn.1a.59";"36";"14";"3";"70-100%";"Moderate (++)";"null";"WP1_27.TPKo";59;"16_36_14_3_777.jpg"
"pko.hbn.1a.59";"36";"14";"4";"70-100%";"Strong (+++)";"null";"WP1_36.TPKo";59;"16_36_14_4_760.jpg"
"pko.hbn.1a.59";"36";"14";"5";"0%";"Neg (-)";"null";"WP1_46.TPKo";59;"16_36_14_5_741.jpg"
"pko.hbn.1a.59";"36";"14";"6";"null";"null";"Not representative";"WP1_55.TPKo";59;"16_36_14_6_722.jpg"
"pko.hbn.1a.59";"36";"14";"8";"10-39%";"Moderate (++)";"null";"WP1_65.TPKo";59;"16_36_14_8_706.jpg"
"pko.hbn.1a.59";"36";"15";"1";"0%";"Neg (-)";"null";"WP1_7.TPKo";59;"16_36_15_1_820.jpg"
"pko.hbn.1a.59";"36";"15";"11";"70-100%";"Moderate (++)";"null";"WP1_94.TPKo";59;"16_36_15_11_658.jpg"
"pko.hbn.1a.59";"36";"15";"12";"40-69%";"Moderate (++)";"null";"WP1_103.TPKo";59;"16_36_15_12_637.jpg"
"pko.hbn.1a.59";"36";"15";"13";"1-9%";"Weak (+)";"null";"WP1_113.TPKo";59;"16_36_15_13_618.jpg"
"pko.hbn.1a.59";"36";"15";"2";"70-100%";"Strong (+++)";"null";"WP1_17.TPKo";59;"16_36_15_2_797.jpg"
"pko.hbn.1a.59";"36";"15";"3";"70-100%";"Moderate (++)";"null";"WP1_27.TPKo";59;"16_36_15_3_781.jpg"
"pko.hbn.1a.59";"36";"15";"4";"70-100%";"Strong (+++)";"null";"WP1_37.TPKo";59;"16_36_15_4_761.jpg"
"pko.hbn.1a.59";"36";"15";"5";"null";"null";"Not representative";"WP1_46.TPKo";59;"16_36_15_5_743.jpg"
"pko.hbn.1a.59";"36";"15";"6";"null";"null";"Not representative";"WP1_56.TPKo";59;"16_36_15_6_724.jpg"
"pko.hbn.1a.59";"36";"15";"8";"10-39%";"Moderate (++)";"null";"WP1_65.TPKo";59;"16_36_15_8_707.jpg"
"pko.hbn.1a.59";"36";"15";"9";"0%";"Neg (-)";"null";"WP1_75.TPKo";59;"16_36_15_9_691.jpg"
"pko.hbn.1a.59";"36";"16";"1";"0%";"Neg (-)";"null";"WP1_8.TPKo";59;"16_36_16_1_818.jpg"
"pko.hbn.1a.59";"36";"16";"10";"0%";"Neg (-)";"null";"WP1_85.TPKo";59;"16_36_16_10_676.jpg"
"pko.hbn.1a.59";"36";"16";"11";"70-100%";"Moderate (++)";"null";"WP1_94.TPKo";59;"16_36_16_11_659.jpg"
"pko.hbn.1a.59";"36";"16";"12";"1-9%";"Weak (+)";"null";"WP1_104.TPKo";59;"16_36_16_12_640.jpg"
"pko.hbn.1a.59";"36";"16";"13";"1-9%";"Weak (+)";"null";"WP1_113.TPKo";59;"16_36_16_13_619.jpg"
"pko.hbn.1a.59";"36";"16";"2";"0%";"Neg (-)";"null";"WP1_18.TPKo";59;"16_36_16_2_801.jpg"
"pko.hbn.1a.59";"36";"16";"3";"70-100%";"Strong (+++)";"null";"WP1_28.TPKo";59;"16_36_16_3_782.jpg"
"pko.hbn.1a.59";"36";"16";"4";"70-100%";"Strong (+++)";"null";"WP1_37.TPKo";59;"16_36_16_4_764.jpg"
"pko.hbn.1a.59";"36";"16";"5";"null";"null";"Not representative";"WP1_47.TPKo";59;"16_36_16_5_744.jpg"
"pko.hbn.1a.59";"36";"16";"6";"40-69%";"Weak (+)";"null";"WP1_56.TPKo";59;"16_36_16_6_723.jpg"
"pko.hbn.1a.59";"36";"16";"8";"40-69%";"Weak (+)";"null";"WP1_66.TPKo";59;"16_36_16_8_709.jpg"
"pko.hbn.1a.59";"36";"16";"9";"0%";"Neg (-)";"null";"WP1_75.TPKo";59;"16_36_16_9_692.jpg"
"pko.hbn.1a.59";"36";"17";"1";"0%";"Neg (-)";"null";"WP1_8.TPKo";59;"16_36_17_1_815.jpg"
"pko.hbn.1a.59";"36";"17";"10";"0%";"Neg (-)";"null";"WP1_85.TPKo";59;"16_36_17_10_678.jpg"
"pko.hbn.1a.59";"36";"17";"11";"0%";"Neg (-)";"null";"WP1_95.TPKo";59;"16_36_17_11_660.jpg"
"pko.hbn.1a.59";"36";"17";"12";">0% and <1%";"Weak (+)";"null";"WP1_104.TPKo";59;"16_36_17_12_641.jpg"
"pko.hbn.1a.59";"36";"17";"13";"40-69%";"Strong (+++)";"null";"WP1_114.TPKo";59;"16_36_17_13_622.jpg"
"pko.hbn.1a.59";"36";"17";"2";"0%";"Neg (-)";"null";"WP1_18.TPKo";59;"16_36_17_2_802.jpg"
"pko.hbn.1a.59";"36";"17";"3";"70-100%";"Strong (+++)";"null";"WP1_28.TPKo";59;"16_36_17_3_783.jpg"
"pko.hbn.1a.59";"36";"17";"4";"70-100%";"Moderate (++)";"null";"WP1_38.TPKo";59;"16_36_17_4_762.jpg"
"pko.hbn.1a.59";"36";"17";"5";"70-100%";"Moderate (++)";"null";"WP1_47.TPKo";59;"16_36_17_5_745.jpg"
"pko.hbn.1a.59";"36";"17";"6";"40-69%";"Moderate (++)";"null";"WP1_57.TPKo";59;"16_36_17_6_729.jpg"
"pko.hbn.1a.59";"36";"17";"8";"null";"null";"Not representative";"WP1_66.TPKo";59;"16_36_17_8_829.jpg"
"pko.hbn.1a.59";"36";"18";"1";"70-100%";"Moderate (++)";"null";"WP1_9.TPKo";59;"16_36_18_1_819.jpg"
"pko.hbn.1a.59";"36";"18";"10";"70-100%";"Moderate (++)";"null";"WP1_86.TPKo";59;"16_36_18_10_677.jpg"
"pko.hbn.1a.59";"36";"18";"11";"0%";"Neg (-)";"null";"WP1_95.TPKo";59;"16_36_18_11_826.jpg"
"pko.hbn.1a.59";"36";"18";"12";"0%";"Neg (-)";"null";"WP1_105.TPKo";59;"16_36_18_12_642.jpg"
"pko.hbn.1a.59";"36";"18";"13";"70-100%";"Strong (+++)";"null";"WP1_114.TPKo";59;"16_36_18_13_623.jpg"
"pko.hbn.1a.59";"36";"18";"2";"70-100%";"Strong (+++)";"null";"WP1_19.TPKo";59;"16_36_18_2_804.jpg"
"pko.hbn.1a.59";"36";"18";"3";"70-100%";"Moderate (++)";"null";"WP1_29.TPKo";59;"16_36_18_3_785.jpg"
"pko.hbn.1a.59";"36";"18";"4";"70-100%";"Moderate (++)";"null";"WP1_38.TPKo";59;"16_36_18_4_763.jpg"
"pko.hbn.1a.59";"36";"18";"5";"70-100%";"Moderate (++)";"null";"WP1_48.TPKo";59;"16_36_18_5_746.jpg"
"pko.hbn.1a.59";"36";"18";"6";"70-100%";"Moderate (++)";"null";"WP1_57.TPKo";59;"16_36_18_6_727.jpg"
"pko.hbn.1a.59";"36";"18";"9";"1-9%";"Weak (+)";"null";"WP1_76.TPKo";59;"16_36_18_9_694.jpg"
"pko.hbn.1a.59";"36";"19";"1";"70-100%";"Strong (+++)";"null";"WP1_9.TPKo";59;"16_36_19_1_821.jpg"
"pko.hbn.1a.59";"36";"19";"10";"70-100%";"Moderate (++)";"null";"WP1_86.TPKo";59;"16_36_19_10_679.jpg"
"pko.hbn.1a.59";"36";"19";"13";"null";"null";"Not representative";"WP1_115.TPKo";59;"16_36_19_13_624.jpg"
"pko.hbn.1a.59";"36";"19";"2";"70-100%";"Strong (+++)";"null";"WP1_19.TPKo";59;"16_36_19_2_803.jpg"
"pko.hbn.1a.59";"36";"19";"3";"70-100%";"Moderate (++)";"null";"WP1_29.TPKo";59;"16_36_19_3_784.jpg"
"pko.hbn.1a.59";"36";"19";"4";"0%";"Neg (-)";"null";"WP1_39.TPKo";59;"16_36_19_4_766.jpg"
"pko.hbn.1a.59";"36";"19";"6";"70-100%";"Strong (+++)";"null";"WP1_58.TPKo";59;"16_36_19_6_728.jpg"
"pko.hbn.1a.59";"36";"19";"9";"1-9%";"Weak (+)";"null";"WP1_77.TPKo";59;"16_36_19_9_693.jpg"
"pko.hbn.1a.59";"36";"2";"1";"70-100%";"Moderate (++)";"null";"WP1_1.TPKo";59;"16_36_2_1_806.jpg"
"pko.hbn.1a.59";"36";"2";"10";"null";"null";"Not representative";"WP1_78.TPKo";59;"16_36_2_10_667.jpg"
"pko.hbn.1a.59";"36";"2";"11";"70-100%";"Weak (+)";"null";"WP1_88.TPKo";59;"16_36_2_11_647.jpg"
"pko.hbn.1a.59";"36";"2";"12";"0%";"Neg (-)";"null";"WP1_97.TPKo";59;"16_36_2_12_627.jpg"
"pko.hbn.1a.59";"36";"2";"13";"40-69%";"Weak (+)";"null";"WP1_107.TPKo";59;"16_36_2_13_614.jpg"
"pko.hbn.1a.59";"36";"2";"2";"0%";"Neg (-)";"null";"WP1_11.TPKo";59;"16_36_2_2_787.jpg"
"pko.hbn.1a.59";"36";"2";"3";"null";"null";"Not representative";"WP1_21.TPKo";59;"16_36_2_3_769.jpg"
"pko.hbn.1a.59";"36";"2";"4";"70-100%";"Moderate (++)";"null";"WP1_31.TPKo";59;"16_36_2_4_748.jpg"
"pko.hbn.1a.59";"36";"2";"5";"70-100%";"Moderate (++)";"null";"WP1_40.TPKo";59;"16_36_2_5_732.jpg"
"pko.hbn.1a.59";"36";"2";"6";"70-100%";"Strong (+++)";"null";"WP1_50.TPKo";59;"16_36_2_6_713.jpg"
"pko.hbn.1a.59";"36";"2";"8";"null";"null";"Not representative";"WP1_59.TPKo";59;"16_36_2_8_697.jpg"
"pko.hbn.1a.59";"36";"20";"1";"10-39%";"null";"null";"WP1_10.TPKo";59;"16_36_20_1_822.jpg"
"pko.hbn.1a.59";"36";"20";"10";"70-100%";"Strong (+++)";"null";"WP1_87.TPKo";59;"16_36_20_10_680.jpg"
"pko.hbn.1a.59";"36";"20";"12";"70-100%";"Strong (+++)";"null";"WP1_106.TPKo";59;"16_36_20_12_643.jpg"
"pko.hbn.1a.59";"36";"20";"13";"null";"null";"Not representative";"WP1_115.TPKo";59;"16_36_20_13_625.jpg"
"pko.hbn.1a.59";"36";"20";"2";"70-100%";"Strong (+++)";"null";"WP1_20.TPKo";59;"16_36_20_2_798.jpg"
"pko.hbn.1a.59";"36";"20";"3";"70-100%";"Moderate (++)";"null";"WP1_30.TPKo";59;"16_36_20_3_778.jpg"
"pko.hbn.1a.59";"36";"20";"4";"0%";"Neg (-)";"null";"WP1_39.TPKo";59;"16_36_20_4_765.jpg"
"pko.hbn.1a.59";"36";"20";"5";"70-100%";"Moderate (++)";"null";"WP1_49.TPKo";59;"16_36_20_5_747.jpg"
"pko.hbn.1a.59";"36";"20";"6";"null";"null";"Not representative";"WP1_58.TPKo";59;"16_36_20_6_725.jpg"
"pko.hbn.1a.59";"36";"20";"8";"10-39%";"Moderate (++)";"null";"WP1_68.TPKo";59;"16_36_20_8_710.jpg"
"pko.hbn.1a.59";"36";"21";"1";"70-100%";"Strong (+++)";"null";"WP1_10.TPKo";59;"16_36_21_1_816.jpg"
"pko.hbn.1a.59";"36";"21";"2";"70-100%";"Strong (+++)";"null";"WP1_20.TPKo";59;"16_36_21_2_800.jpg"
"pko.hbn.1a.59";"36";"22";"10";"0%";"Neg (-)";"null";"WP1_119.TPKo";59;"16_36_22_10_681.jpg"
"pko.hbn.1a.59";"36";"22";"11";"0%";"Neg (-)";"null";"WP1_120.TPKo";59;"16_36_22_11_662.jpg"
"pko.hbn.1a.59";"36";"22";"12";"0%";"Neg (-)";"Not representative";"WP1_121.TPKo";59;"16_36_22_12_644.jpg"
"pko.hbn.1a.59";"36";"22";"13";"10-39%";"Weak (+)";"null";"WP1_123.TPKo";59;"16_36_22_13_626.jpg"
"pko.hbn.1a.59";"36";"22";"8";">0% and <1%";"Weak (+)";"null";"WP1_116.TPKo";59;"16_36_22_8_711.jpg"
"pko.hbn.1a.59";"36";"3";"1";"0%";"Neg (-)";"null";"WP1_2.TPKo";59;"16_36_3_1_807.jpg"
"pko.hbn.1a.59";"36";"3";"10";"0%";"Neg (-)";"null";"WP1_79.TPKo";59;"16_36_3_10_664.jpg"
"pko.hbn.1a.59";"36";"3";"11";"70-100%";"Weak (+)";"null";"WP1_88.TPKo";59;"16_36_3_11_648.jpg"
"pko.hbn.1a.59";"36";"3";"12";"null";"null";"Not representative";"WP1_98.TPKo";59;"16_36_3_12_628.jpg"
"pko.hbn.1a.59";"36";"3";"13";"0%";"Neg (-)";"null";"WP1_107.TPKo";59;"16_36_3_13_831.jpg"
"pko.hbn.1a.59";"36";"3";"2";"1-9%";"Moderate (++)";"null";"WP1_12.TPKo";59;"16_36_3_2_788.jpg"
"pko.hbn.1a.59";"36";"3";"3";"70-100%";"Moderate (++)";"null";"WP1_22.TPKo";59;"16_36_3_3_768.jpg"
"pko.hbn.1a.59";"36";"3";"4";"70-100%";"Moderate (++)";"null";"WP1_31.TPKo";59;"16_36_3_4_750.jpg"
"pko.hbn.1a.59";"36";"3";"5";"10-39%";"Weak (+)";"null";"WP1_41.TPKo";59;"16_36_3_5_731.jpg"
"pko.hbn.1a.59";"36";"3";"6";"null";"null";"Not representative";"WP1_50.TPKo";59;"16_36_3_6_714.jpg"
"pko.hbn.1a.59";"36";"3";"8";"70-100%";"Strong (+++)";"null";"WP1_60.TPKo";59;"16_36_3_8_698.jpg"
"pko.hbn.1a.59";"36";"3";"9";"0%";"Neg (-)";"null";"WP1_69.TPKo";59;"16_36_3_9_684.jpg"
"pko.hbn.1a.59";"36";"4";"1";"0%";"Neg (-)";"null";"WP1_2.TPKo";59;"16_36_4_1_808.jpg"
"pko.hbn.1a.59";"36";"4";"10";">0% and <1%";"Strong (+++)";"null";"WP1_79.TPKo";59;"16_36_4_10_665.jpg"
"pko.hbn.1a.59";"36";"4";"11";"70-100%";"Strong (+++)";"null";"WP1_89.TPKo";59;"16_36_4_11_646.jpg"
"pko.hbn.1a.59";"36";"4";"12";"70-100%";"Moderate (++)";"null";"WP1_98.TPKo";59;"16_36_4_12_629.jpg"
"pko.hbn.1a.59";"36";"4";"13";"0%";"Neg (-)";"null";"WP1_108.TPKo";59;"16_36_4_13_608.jpg"
"pko.hbn.1a.59";"36";"4";"2";"70-100%";"Moderate (++)";"null";"WP1_12.TPKo";59;"16_36_4_2_789.jpg"
"pko.hbn.1a.59";"36";"4";"3";"70-100%";"Strong (+++)";"null";"WP1_22.TPKo";59;"16_36_4_3_770.jpg"
"pko.hbn.1a.59";"36";"4";"4";">0% and <1%";"Weak (+)";"null";"WP1_32.TPKo";59;"16_36_4_4_751.jpg"
"pko.hbn.1a.59";"36";"4";"5";"null";"null";"Not representative";"WP1_41.TPKo";59;"16_36_4_5_733.jpg"
"pko.hbn.1a.59";"36";"4";"6";"0%";"Neg (-)";"null";"WP1_51.TPKo";59;"16_36_4_6_715.jpg"
"pko.hbn.1a.59";"36";"4";"8";"70-100%";"Strong (+++)";"null";"WP1_60.TPKo";59;"16_36_4_8_699.jpg"
"pko.hbn.1a.59";"36";"4";"9";"null";"null";"Detached";"WP1_70.TPKo";59;"16_36_4_9_685.jpg"
"pko.hbn.1a.59";"36";"5";"1";"70-100%";"Moderate (++)";"null";"WP1_3.TPKo";59;"16_36_5_1_809.jpg"
"pko.hbn.1a.59";"36";"5";"10";"40-69%";"Moderate (++)";"null";"WP1_80.TPKo";59;"16_36_5_10_668.jpg"
"pko.hbn.1a.59";"36";"5";"11";"70-100%";"Strong (+++)";"null";"WP1_89.TPKo";59;"16_36_5_11_649.jpg"
"pko.hbn.1a.59";"36";"5";"13";"0%";"Neg (-)";"null";"WP1_108.TPKo";59;"16_36_5_13_609.jpg"
"pko.hbn.1a.59";"36";"5";"2";"70-100%";"Strong (+++)";"null";"WP1_13.TPKo";59;"16_36_5_2_790.jpg"
"pko.hbn.1a.59";"36";"5";"3";"0%";"Neg (-)";"null";"WP1_23.TPKo";59;"16_36_5_3_771.jpg"
"pko.hbn.1a.59";"36";"5";"4";"1-9%";"Weak (+)";"null";"WP1_32.TPKo";59;"16_36_5_4_752.jpg"
"pko.hbn.1a.59";"36";"5";"5";"40-69%";"Weak (+)";"null";"WP1_42.TPKo";59;"16_36_5_5_734.jpg"
"pko.hbn.1a.59";"36";"5";"6";"0%";"Neg (-)";"null";"WP1_51.TPKo";59;"16_36_5_6_716.jpg"
"pko.hbn.1a.59";"36";"6";"10";"70-100%";"Moderate (++)";"null";"WP1_80.TPKo";59;"16_36_6_10_828.jpg"
"pko.hbn.1a.59";"36";"6";"11";"70-100%";"Moderate (++)";"null";"WP1_90.TPKo";59;"16_36_6_11_650.jpg"
"pko.hbn.1a.59";"36";"6";"13";"40-69%";"Strong (+++)";"null";"WP1_109.TPKo";59;"16_36_6_13_610.jpg"
"pko.hbn.1a.59";"36";"6";"2";"70-100%";"Strong (+++)";"null";"WP1_13.TPKo";59;"16_36_6_2_791.jpg"
"pko.hbn.1a.59";"36";"6";"3";"0%";"Neg (-)";"null";"WP1_23.TPKo";59;"16_36_6_3_772.jpg"
"pko.hbn.1a.59";"36";"6";"4";"70-100%";"Moderate (++)";"null";"WP1_33.TPKo";59;"16_36_6_4_753.jpg"
"pko.hbn.1a.59";"36";"6";"5";"40-69%";"Weak (+)";"null";"WP1_42.TPKo";59;"16_36_6_5_735.jpg"
"pko.hbn.1a.59";"36";"6";"6";"70-100%";"Moderate (++)";"null";"WP1_52.TPKo";59;"16_36_6_6_717.jpg"
"pko.hbn.1a.59";"36";"6";"9";"10-39%";"Moderate (++)";"null";"WP1_71.TPKo";59;"16_36_6_9_827.jpg"
"pko.hbn.1a.59";"36";"7";"10";">0% and <1%";"Weak (+)";"null";"WP1_81.TPKo";59;"16_36_7_10_669.jpg"
"pko.hbn.1a.59";"36";"7";"11";"70-100%";"Moderate (++)";"null";"WP1_90.TPKo";59;"16_36_7_11_651.jpg"
"pko.hbn.1a.59";"36";"7";"12";"70-100%";"Moderate (++)";"null";"WP1_100.TPKo";59;"16_36_7_12_631.jpg"
"pko.hbn.1a.59";"36";"7";"13";"70-100%";"Strong (+++)";"null";"WP1_109.TPKo";59;"16_36_7_13_611.jpg"
"pko.hbn.1a.59";"36";"7";"2";"70-100%";"Strong (+++)";"null";"WP1_14.TPKo";59;"16_36_7_2_795.jpg"
"pko.hbn.1a.59";"36";"7";"3";"70-100%";"Strong (+++)";"null";"WP1_24.TPKo";59;"16_36_7_3_773.jpg"
"pko.hbn.1a.59";"36";"7";"4";"70-100%";"Moderate (++)";"null";"WP1_33.TPKo";59;"16_36_7_4_754.jpg"
"pko.hbn.1a.59";"36";"7";"5";"0%";"Neg (-)";"null";"WP1_43.TPKo";59;"16_36_7_5_736.jpg"
"pko.hbn.1a.59";"36";"7";"6";"70-100%";"Moderate (++)";"null";"WP1_52.TPKo";59;"16_36_7_6_718.jpg"
"pko.hbn.1a.59";"36";"7";"8";"0%";"Neg (-)";"null";"WP1_62.TPKo";59;"16_36_7_8_700.jpg"
"pko.hbn.1a.59";"36";"7";"9";"10-39%";"Moderate (++)";"null";"WP1_71.TPKo";59;"16_36_7_9_686.jpg"
"pko.hbn.1a.59";"36";"8";"1";"null";"null";"Not representative";"WP1_4.TPKo";59;"16_36_8_1_814.jpg"
"pko.hbn.1a.59";"36";"8";"10";">0% and <1%";"Weak (+)";"null";"WP1_81.TPKo";59;"16_36_8_10_670.jpg"
"pko.hbn.1a.59";"36";"8";"11";"70-100%";"Weak (+)";"null";"WP1_91.TPKo";59;"16_36_8_11_653.jpg"
"pko.hbn.1a.59";"36";"8";"12";"70-100%";"Moderate (++)";"null";"WP1_100.TPKo";59;"16_36_8_12_634.jpg"
"pko.hbn.1a.59";"36";"8";"13";"70-100%";"Moderate (++)";"null";"WP1_110.TPKo";59;"16_36_8_13_612.jpg"
"pko.hbn.1a.59";"36";"8";"2";"70-100%";"Strong (+++)";"null";"WP1_14.TPKo";59;"16_36_8_2_792.jpg"
"pko.hbn.1a.59";"36";"8";"3";"70-100%";"Strong (+++)";"null";"WP1_24.TPKo";59;"16_36_8_3_774.jpg"
"pko.hbn.1a.59";"36";"8";"4";"0%";"Neg (-)";"null";"WP1_34.TPKo";59;"16_36_8_4_755.jpg"
"pko.hbn.1a.59";"36";"8";"5";"0%";"Neg (-)";"null";"WP1_43.TPKo";59;"16_36_8_5_737.jpg"
"pko.hbn.1a.59";"36";"8";"6";"null";"null";"Not representative";"WP1_53.TPKo";59;"16_36_8_6_719.jpg"
"pko.hbn.1a.59";"36";"8";"8";"0%";"Neg (-)";"null";"WP1_62.TPKo";59;"16_36_8_8_701.jpg"
"pko.hbn.1a.59";"36";"8";"9";"0%";"Neg (-)";"null";"WP1_72.TPKo";59;"16_36_8_9_687.jpg"
"pko.hbn.1a.59";"36";"9";"1";"70-100%";"Moderate (++)";"null";"WP1_5.TPKo";59;"16_36_9_1_811.jpg"
"pko.hbn.1a.59";"36";"9";"10";"1-9%";"Moderate (++)";"null";"WP1_82.TPKo";59;"16_36_9_10_671.jpg"
"pko.hbn.1a.59";"36";"9";"11";"70-100%";"Weak (+)";"null";"WP1_91.TPKo";59;"16_36_9_11_654.jpg"
"pko.hbn.1a.59";"36";"9";"12";"70-100%";"Strong (+++)";"null";"WP1_101.TPKo";59;"16_36_9_12_632.jpg"
"pko.hbn.1a.59";"36";"9";"13";"70-100%";"Moderate (++)";"null";"WP1_110.TPKo";59;"16_36_9_13_613.jpg"
"pko.hbn.1a.59";"36";"9";"2";"40-69%";"Weak (+)";"null";"WP1_15.TPKo";59;"16_36_9_2_793.jpg"
"pko.hbn.1a.59";"36";"9";"3";"40-69%";"Moderate (++)";"null";"WP1_25.TPKo";59;"16_36_9_3_776.jpg"
"pko.hbn.1a.59";"36";"9";"4";"null";"null";"Not representative";"WP1_34.TPKo";59;"16_36_9_4_756.jpg"
"pko.hbn.1a.59";"36";"9";"5";"70-100%";"Moderate (++)";"null";"WP1_44.TPKo";59;"16_36_9_5_742.jpg"
"pko.hbn.1a.59";"36";"9";"8";"70-100%";"Moderate (++)";"null";"WP1_63.TPKo";59;"16_36_9_8_703.jpg"
"pko.hbn.1a.59";"36";"9";"9";"null";"null";"Not representative";"WP1_72.TPKo";59;"16_36_9_9_688.jpg"
